Sample_ID,YAO-CHM13 (Mb),YAO-GRCh38 (Mb)
CAP001,3.092470368,20.427459038
CAP002,3.396919549,22.471472726
CAP003,2.465053802,18.245033484
CAP004,4.144450996,15.402729993
CAP005,2.022694060,15.946560454
CAP006,3.758029800,22.046423085
CAP007,4.440367993,17.572276989
CAP008,4.270271399,16.638104134
CAP009,2.573980813,23.164544336
CAP010,3.268520482,19.331320018
SCP001,4.499315281,16.706691030
SCP002,2.673959009,24.679270498
SCP003,2.638141007,16.585130806
SCP004,4.975590599,19.219730178
SCP005,3.269532564,23.561677736
SCP006,4.115127158,24.684305065
SCP007,3.888038950,19.404766406
SCP008,4.843786975,21.066087297
SCP009,2.275290822,23.969338776
SCP010,4.217158054,16.158528608
