Sample_ID,CHM13,GRCh38,YAO
CAP001,1.85907e+06,1.86425e+06,1.72131e+06
CAP002,1.77456e+06,1.78276e+06,1.64973e+06
CAP003,1.8479e+06,1.86634e+06,1.70245e+06
CAP004,1.74342e+06,1.75558e+06,1.67503e+06
CAP005,1.81453e+06,1.83106e+06,1.7177e+06
CAP006,1.89263e+06,1.89326e+06,1.82654e+06
CAP007,1.73161e+06,1.73191e+06,1.60345e+06
CAP008,1.84652e+06,1.84037e+06,1.73259e+06
CAP009,1.70832e+06,1.71149e+06,1.66579e+06
CAP010,1.73244e+06,1.72527e+06,1.65947e+06
SCP001,1.77144e+06,1.78819e+06,1.65313e+06
SCP002,1.8494e+06,1.83126e+06,1.77989e+06
SCP003,1.796e+06,1.79322e+06,1.75442e+06
SCP004,1.88043e+06,1.89844e+06,1.8612e+06
SCP005,1.73418e+06,1.73474e+06,1.61725e+06
SCP006,1.80782e+06,1.79567e+06,1.77547e+06
SCP007,1.803e+06,1.81679e+06,1.73996e+06
SCP008,1.7004e+06,1.69613e+06,1.60817e+06
SCP009,1.74324e+06,1.73118e+06,1.67822e+06
SCP010,1.7253e+06,1.74204e+06,1.6458e+06
