Sample_ID,Reference,Value
CAP001,CHM13,932267
CAP001,GRCh38,823225
CAP001,YAO,827135
CAP002,CHM13,829764
CAP002,GRCh38,706315
CAP002,YAO,766907
CAP003,CHM13,722144
CAP003,GRCh38,682735
CAP003,YAO,688040
CAP004,CHM13,782341
CAP004,GRCh38,746656
CAP004,YAO,781109
CAP005,CHM13,696263
CAP005,GRCh38,639463
CAP005,YAO,663044
CAP006,CHM13,785793
CAP006,GRCh38,666780
CAP006,YAO,703656
CAP007,CHM13,864079
CAP007,GRCh38,743150
CAP007,YAO,822296
CAP008,CHM13,666840
CAP008,GRCh38,645267
CAP008,YAO,654968
CAP009,CHM13,668941
CAP009,GRCh38,614404
CAP009,YAO,667161
CAP010,CHM13,743953
CAP010,GRCh38,687868
CAP010,YAO,714284
SCP001,CHM13,684117
SCP001,GRCh38,591174
SCP001,YAO,619747
SCP002,CHM13,611492
SCP002,GRCh38,562456
SCP002,YAO,602848
SCP003,CHM13,700376
SCP003,GRCh38,629055
SCP003,YAO,654851
SCP004,CHM13,672526
SCP004,GRCh38,614906
SCP004,YAO,642694
SCP005,CHM13,857442
SCP005,GRCh38,743662
SCP005,YAO,777957
SCP006,CHM13,652490
SCP006,GRCh38,590618
SCP006,YAO,627014
SCP007,CHM13,717498
SCP007,GRCh38,645571
SCP007,YAO,646315
SCP008,CHM13,962787
SCP008,GRCh38,818119
SCP008,YAO,847100
SCP009,CHM13,721030
SCP009,GRCh38,658357
SCP009,YAO,685317
SCP010,CHM13,751789
SCP010,GRCh38,653147
SCP010,YAO,663837
