Chr,Start,End,Value
1,1,1000000,0.365897
1,1000001,2000000,0.385446
1,2000001,3000000,0.330737
1,3000001,4000000,0.278276
1,4000001,5000000,0.300853
1,5000001,6000000,0.251141
1,6000001,7000000,0.322822
1,7000001,8000000,0.400108
1,8000001,9000000,0.324988
1,9000001,10000000,0.400347
1,10000001,11000000,0.424058
1,11000001,12000000,0.490245
1,12000001,13000000,0.536557
1,13000001,14000000,0.502496
1,14000001,15000000,0.480932
1,15000001,16000000,0.402455
1,16000001,17000000,0.405818
1,17000001,18000000,0.467696
1,18000001,19000000,0.522171
1,19000001,20000000,0.520279
1,20000001,21000000,0.462350
1,21000001,22000000,0.509283
1,22000001,23000000,0.518827
1,23000001,24000000,0.593974
1,24000001,25000000,0.586937
1,25000001,26000000,0.604303
1,26000001,27000000,0.619189
1,27000001,28000000,0.688106
1,28000001,29000000,0.715310
1,29000001,30000000,0.687510
1,30000001,31000000,0.648287
1,31000001,32000000,0.677412
1,32000001,33000000,0.671170
1,33000001,34000000,0.646520
1,34000001,35000000,0.698673
1,35000001,36000000,0.702736
1,36000001,37000000,0.707586
1,37000001,38000000,0.643316
1,38000001,39000000,0.607495
1,39000001,40000000,0.533451
1,40000001,41000000,0.547885
1,41000001,42000000,0.479125
1,42000001,43000000,0.546735
1,43000001,44000000,0.557035
1,44000001,45000000,0.538833
1,45000001,46000000,0.562108
1,46000001,47000000,0.574104
1,47000001,48000000,0.567218
1,48000001,49000000,0.563799
1,49000001,50000000,0.487314
1,50000001,51000000,0.551022
1,51000001,52000000,0.492513
1,52000001,53000000,0.429337
1,53000001,54000000,0.364035
1,54000001,55000000,0.369598
1,55000001,56000000,0.330389
1,56000001,57000000,0.405888
1,57000001,58000000,0.445717
1,58000001,59000000,0.377097
1,59000001,60000000,0.393410
1,60000001,61000000,0.332558
1,61000001,62000000,0.406780
1,62000001,63000000,0.471593
1,63000001,64000000,0.506350
1,64000001,65000000,0.475476
1,65000001,66000000,0.470801
1,66000001,67000000,0.442361
1,67000001,68000000,0.505826
1,68000001,69000000,0.536298
1,69000001,70000000,0.520305
1,70000001,71000000,0.522559
1,71000001,72000000,0.578308
1,72000001,73000000,0.565327
1,73000001,74000000,0.563560
1,74000001,75000000,0.578870
1,75000001,76000000,0.569033
1,76000001,77000000,0.612040
1,77000001,78000000,0.626179
1,78000001,79000000,0.640668
1,79000001,80000000,0.637921
1,80000001,81000000,0.560537
1,81000001,82000000,0.631807
1,82000001,83000000,0.613363
1,83000001,84000000,0.538809
1,84000001,85000000,0.533277
1,85000001,86000000,0.475723
1,86000001,87000000,0.434289
1,87000001,88000000,0.437705
1,88000001,89000000,0.400474
1,89000001,90000000,0.389547
1,90000001,91000000,0.427190
1,91000001,92000000,0.351397
1,92000001,93000000,0.367752
1,93000001,94000000,0.370953
1,94000001,95000000,0.443462
1,95000001,96000000,0.383008
1,96000001,97000000,0.361966
1,97000001,98000000,0.316655
1,98000001,99000000,0.248812
1,99000001,100000000,0.196022
1,100000001,101000000,0.180886
1,101000001,102000000,0.118655
1,102000001,103000000,0.055560
1,103000001,104000000,0.133951
1,104000001,105000000,0.118098
1,105000001,106000000,0.050000
1,106000001,107000000,0.050000
1,107000001,108000000,0.050000
1,108000001,109000000,0.098064
1,109000001,110000000,0.102020
1,110000001,111000000,0.167967
1,111000001,112000000,0.101495
1,112000001,113000000,0.050000
1,113000001,114000000,0.115841
1,114000001,115000000,0.070810
1,115000001,116000000,0.125555
1,116000001,117000000,0.174046
1,117000001,118000000,0.184021
1,118000001,119000000,0.247924
1,119000001,120000000,0.255876
1,120000001,121000000,0.181567
1,121000001,122000000,0.255154
1,122000001,123000000,0.331767
1,123000001,124000000,0.362785
1,124000001,125000000,0.417329
1,125000001,126000000,0.419807
1,126000001,127000000,0.489244
1,127000001,128000000,0.562359
1,128000001,129000000,0.626699
1,129000001,130000000,0.701484
1,130000001,131000000,0.725553
1,131000001,132000000,0.800917
1,132000001,133000000,0.728439
1,133000001,134000000,0.663014
1,134000001,135000000,0.687313
1,135000001,136000000,0.651972
1,136000001,137000000,0.573141
1,137000001,138000000,0.591980
1,138000001,139000000,0.518957
1,139000001,140000000,0.586924
1,140000001,141000000,0.518333
1,141000001,142000000,0.550446
1,142000001,143000000,0.557891
1,143000001,144000000,0.565483
1,144000001,145000000,0.568154
1,145000001,146000000,0.574589
1,146000001,147000000,0.573831
1,147000001,148000000,0.502347
1,148000001,149000000,0.478669
1,149000001,150000000,0.484551
1,150000001,151000000,0.478794
1,151000001,152000000,0.437560
1,152000001,153000000,0.359981
1,153000001,154000000,0.341715
1,154000001,155000000,0.276015
1,155000001,156000000,0.303994
1,156000001,157000000,0.252549
1,157000001,158000000,0.210451
1,158000001,159000000,0.219919
1,159000001,160000000,0.220694
1,160000001,161000000,0.194629
1,161000001,162000000,0.159258
1,162000001,163000000,0.182640
1,163000001,164000000,0.129667
1,164000001,165000000,0.064453
1,165000001,166000000,0.050000
1,166000001,167000000,0.089653
1,167000001,168000000,0.050000
1,168000001,169000000,0.120444
1,169000001,170000000,0.178472
1,170000001,171000000,0.223105
1,171000001,172000000,0.274748
1,172000001,173000000,0.270645
1,173000001,174000000,0.301595
1,174000001,175000000,0.331469
1,175000001,176000000,0.303052
1,176000001,177000000,0.302249
1,177000001,178000000,0.240708
1,178000001,179000000,0.160949
1,179000001,180000000,0.141676
1,180000001,181000000,0.216204
1,181000001,182000000,0.215887
1,182000001,183000000,0.202867
1,183000001,184000000,0.213548
1,184000001,185000000,0.215518
1,185000001,186000000,0.192472
1,186000001,187000000,0.231285
1,187000001,188000000,0.245887
1,188000001,189000000,0.269933
1,189000001,190000000,0.228012
1,190000001,191000000,0.208370
1,191000001,192000000,0.167531
1,192000001,193000000,0.136130
1,193000001,194000000,0.164204
1,194000001,195000000,0.193028
1,195000001,196000000,0.203657
1,196000001,197000000,0.172757
1,197000001,198000000,0.177757
1,198000001,199000000,0.253348
1,199000001,200000000,0.228156
1,200000001,201000000,0.265955
1,201000001,202000000,0.300265
1,202000001,203000000,0.314650
1,203000001,204000000,0.273475
1,204000001,205000000,0.268909
1,205000001,206000000,0.339608
1,206000001,207000000,0.356776
1,207000001,208000000,0.357194
1,208000001,209000000,0.383136
1,209000001,210000000,0.321238
1,210000001,211000000,0.261586
1,211000001,212000000,0.279665
1,212000001,213000000,0.249439
1,213000001,214000000,0.234672
1,214000001,215000000,0.195001
1,215000001,216000000,0.186091
1,216000001,217000000,0.153369
1,217000001,218000000,0.097459
1,218000001,219000000,0.118823
1,219000001,220000000,0.050000
1,220000001,221000000,0.063962
1,221000001,222000000,0.050000
1,222000001,223000000,0.103112
1,223000001,224000000,0.094126
1,224000001,225000000,0.050000
1,225000001,226000000,0.050000
1,226000001,227000000,0.050000
1,227000001,228000000,0.093092
1,228000001,229000000,0.129559
1,229000001,230000000,0.182494
1,230000001,231000000,0.142640
1,231000001,232000000,0.180981
1,232000001,233000000,0.166652
1,233000001,234000000,0.134083
1,234000001,235000000,0.104187
1,235000001,236000000,0.051091
1,236000001,237000000,0.069077
1,237000001,238000000,0.050000
1,238000001,239000000,0.050000
1,239000001,240000000,0.081849
1,240000001,241000000,0.115860
1,241000001,242000000,0.157451
1,242000001,243000000,0.141991
1,243000001,244000000,0.200811
1,244000001,245000000,0.227162
1,245000001,246000000,0.173702
1,246000001,247000000,0.109944
1,247000001,248000000,0.091569
1,248000001,248387328,0.107818
2,1,1000000,0.540953
2,1000001,2000000,0.559580
2,2000001,3000000,0.528041
2,3000001,4000000,0.534909
2,4000001,5000000,0.610234
2,5000001,6000000,0.641211
2,6000001,7000000,0.616833
2,7000001,8000000,0.684382
2,8000001,9000000,0.643193
2,9000001,10000000,0.644580
2,10000001,11000000,0.570572
2,11000001,12000000,0.589962
2,12000001,13000000,0.541225
2,13000001,14000000,0.488398
2,14000001,15000000,0.477280
2,15000001,16000000,0.490154
2,16000001,17000000,0.481327
2,17000001,18000000,0.461351
2,18000001,19000000,0.460855
2,19000001,20000000,0.390323
2,20000001,21000000,0.359463
2,21000001,22000000,0.285249
2,22000001,23000000,0.300709
2,23000001,24000000,0.274700
2,24000001,25000000,0.242371
2,25000001,26000000,0.228615
2,26000001,27000000,0.306059
2,27000001,28000000,0.326769
2,28000001,29000000,0.332348
2,29000001,30000000,0.385052
2,30000001,31000000,0.456478
2,31000001,32000000,0.422169
2,32000001,33000000,0.448542
2,33000001,34000000,0.521629
2,34000001,35000000,0.522594
2,35000001,36000000,0.575662
2,36000001,37000000,0.551778
2,37000001,38000000,0.534103
2,38000001,39000000,0.489392
2,39000001,40000000,0.476796
2,40000001,41000000,0.465478
2,41000001,42000000,0.485129
2,42000001,43000000,0.550656
2,43000001,44000000,0.607319
2,44000001,45000000,0.655374
2,45000001,46000000,0.664848
2,46000001,47000000,0.645314
2,47000001,48000000,0.703489
2,48000001,49000000,0.761894
2,49000001,50000000,0.686556
2,50000001,51000000,0.644336
2,51000001,52000000,0.592307
2,52000001,53000000,0.611151
2,53000001,54000000,0.606812
2,54000001,55000000,0.657061
2,55000001,56000000,0.646732
2,56000001,57000000,0.597054
2,57000001,58000000,0.522026
2,58000001,59000000,0.455559
2,59000001,60000000,0.391798
2,60000001,61000000,0.346574
2,61000001,62000000,0.286274
2,62000001,63000000,0.302512
2,63000001,64000000,0.324259
2,64000001,65000000,0.403228
2,65000001,66000000,0.423428
2,66000001,67000000,0.410046
2,67000001,68000000,0.381438
2,68000001,69000000,0.445034
2,69000001,70000000,0.380509
2,70000001,71000000,0.311120
2,71000001,72000000,0.285800
2,72000001,73000000,0.229909
2,73000001,74000000,0.250284
2,74000001,75000000,0.186211
2,75000001,76000000,0.123087
2,76000001,77000000,0.174027
2,77000001,78000000,0.233896
2,78000001,79000000,0.242608
2,79000001,80000000,0.240322
2,80000001,81000000,0.255434
2,81000001,82000000,0.195372
2,82000001,83000000,0.170801
2,83000001,84000000,0.114705
2,84000001,85000000,0.109307
2,85000001,86000000,0.166077
2,86000001,87000000,0.102006
2,87000001,88000000,0.181692
2,88000001,89000000,0.228998
2,89000001,90000000,0.216771
2,90000001,91000000,0.288329
2,91000001,92000000,0.222916
2,92000001,93000000,0.252636
2,93000001,94000000,0.240323
2,94000001,95000000,0.318967
2,95000001,96000000,0.309654
2,96000001,97000000,0.239468
2,97000001,98000000,0.235560
2,98000001,99000000,0.275109
2,99000001,100000000,0.354742
2,100000001,101000000,0.339966
2,101000001,102000000,0.328470
2,102000001,103000000,0.259460
2,103000001,104000000,0.293520
2,104000001,105000000,0.297356
2,105000001,106000000,0.285294
2,106000001,107000000,0.261306
2,107000001,108000000,0.208328
2,108000001,109000000,0.265377
2,109000001,110000000,0.281778
2,110000001,111000000,0.328371
2,111000001,112000000,0.289671
2,112000001,113000000,0.337917
2,113000001,114000000,0.383660
2,114000001,115000000,0.414837
2,115000001,116000000,0.393221
2,116000001,117000000,0.433608
2,117000001,118000000,0.419286
2,118000001,119000000,0.440686
2,119000001,120000000,0.453145
2,120000001,121000000,0.471995
2,121000001,122000000,0.443061
2,122000001,123000000,0.500316
2,123000001,124000000,0.558995
2,124000001,125000000,0.528719
2,125000001,126000000,0.567382
2,126000001,127000000,0.584156
2,127000001,128000000,0.533161
2,128000001,129000000,0.520211
2,129000001,130000000,0.445659
2,130000001,131000000,0.463195
2,131000001,132000000,0.467569
2,132000001,133000000,0.433991
2,133000001,134000000,0.472145
2,134000001,135000000,0.531204
2,135000001,136000000,0.484473
2,136000001,137000000,0.553657
2,137000001,138000000,0.590109
2,138000001,139000000,0.580792
2,139000001,140000000,0.558044
2,140000001,141000000,0.560797
2,141000001,142000000,0.633225
2,142000001,143000000,0.603032
2,143000001,144000000,0.662588
2,144000001,145000000,0.622075
2,145000001,146000000,0.688890
2,146000001,147000000,0.705029
2,147000001,148000000,0.679051
2,148000001,149000000,0.649967
2,149000001,150000000,0.717344
2,150000001,151000000,0.739398
2,151000001,152000000,0.765159
2,152000001,153000000,0.750120
2,153000001,154000000,0.738009
2,154000001,155000000,0.731892
2,155000001,156000000,0.712106
2,156000001,157000000,0.649147
2,157000001,158000000,0.628767
2,158000001,159000000,0.680559
2,159000001,160000000,0.669453
2,160000001,161000000,0.698224
2,161000001,162000000,0.711720
2,162000001,163000000,0.722824
2,163000001,164000000,0.700146
2,164000001,165000000,0.741846
2,165000001,166000000,0.723661
2,166000001,167000000,0.699775
2,167000001,168000000,0.659950
2,168000001,169000000,0.656718
2,169000001,170000000,0.634345
2,170000001,171000000,0.628902
2,171000001,172000000,0.645412
2,172000001,173000000,0.703600
2,173000001,174000000,0.670634
2,174000001,175000000,0.746736
2,175000001,176000000,0.793652
2,176000001,177000000,0.732237
2,177000001,178000000,0.705174
2,178000001,179000000,0.667034
2,179000001,180000000,0.635040
2,180000001,181000000,0.693402
2,181000001,182000000,0.726945
2,182000001,183000000,0.647302
2,183000001,184000000,0.602227
2,184000001,185000000,0.534692
2,185000001,186000000,0.482939
2,186000001,187000000,0.516337
2,187000001,188000000,0.585960
2,188000001,189000000,0.659720
2,189000001,190000000,0.666073
2,190000001,191000000,0.602573
2,191000001,192000000,0.620577
2,192000001,193000000,0.623164
2,193000001,194000000,0.641949
2,194000001,195000000,0.608203
2,195000001,196000000,0.545498
2,196000001,197000000,0.532437
2,197000001,198000000,0.471085
2,198000001,199000000,0.550791
2,199000001,200000000,0.616045
2,200000001,201000000,0.663123
2,201000001,202000000,0.594615
2,202000001,203000000,0.608901
2,203000001,204000000,0.646511
2,204000001,205000000,0.628614
2,205000001,206000000,0.570522
2,206000001,207000000,0.645750
2,207000001,208000000,0.655646
2,208000001,209000000,0.579482
2,209000001,210000000,0.622749
2,210000001,211000000,0.588681
2,211000001,212000000,0.656242
2,212000001,213000000,0.665322
2,213000001,214000000,0.718863
2,214000001,215000000,0.709453
2,215000001,216000000,0.778380
2,216000001,217000000,0.764724
2,217000001,218000000,0.708655
2,218000001,219000000,0.730987
2,219000001,220000000,0.808604
2,220000001,221000000,0.755002
2,221000001,222000000,0.738554
2,222000001,223000000,0.666366
2,223000001,224000000,0.658908
2,224000001,225000000,0.670770
2,225000001,226000000,0.722182
2,226000001,227000000,0.712757
2,227000001,228000000,0.734511
2,228000001,229000000,0.780019
2,229000001,230000000,0.746007
2,230000001,231000000,0.790955
2,231000001,232000000,0.838356
2,232000001,233000000,0.827117
2,233000001,234000000,0.790275
2,234000001,235000000,0.828733
2,235000001,236000000,0.832552
2,236000001,237000000,0.776671
2,237000001,238000000,0.748090
2,238000001,239000000,0.790164
2,239000001,240000000,0.820520
2,240000001,241000000,0.745487
2,241000001,242000000,0.681976
2,242000001,242696752,0.676586
3,1,1000000,0.313370
3,1000001,2000000,0.245321
3,2000001,3000000,0.324421
3,3000001,4000000,0.303148
3,4000001,5000000,0.330352
3,5000001,6000000,0.294584
3,6000001,7000000,0.249600
3,7000001,8000000,0.224030
3,8000001,9000000,0.158883
3,9000001,10000000,0.165132
3,10000001,11000000,0.102928
3,11000001,12000000,0.109891
3,12000001,13000000,0.140243
3,13000001,14000000,0.134480
3,14000001,15000000,0.110115
3,15000001,16000000,0.155551
3,16000001,17000000,0.097581
3,17000001,18000000,0.050000
3,18000001,19000000,0.058367
3,19000001,20000000,0.087667
3,20000001,21000000,0.070122
3,21000001,22000000,0.084199
3,22000001,23000000,0.079543
3,23000001,24000000,0.050000
3,24000001,25000000,0.091610
3,25000001,26000000,0.161699
3,26000001,27000000,0.157492
3,27000001,28000000,0.223006
3,28000001,29000000,0.238245
3,29000001,30000000,0.257959
3,30000001,31000000,0.223876
3,31000001,32000000,0.300903
3,32000001,33000000,0.306398
3,33000001,34000000,0.384650
3,34000001,35000000,0.359874
3,35000001,36000000,0.429556
3,36000001,37000000,0.464563
3,37000001,38000000,0.460362
3,38000001,39000000,0.527856
3,39000001,40000000,0.594601
3,40000001,41000000,0.538897
3,41000001,42000000,0.531582
3,42000001,43000000,0.593888
3,43000001,44000000,0.665690
3,44000001,45000000,0.699884
3,45000001,46000000,0.653136
3,46000001,47000000,0.592904
3,47000001,48000000,0.667724
3,48000001,49000000,0.719261
3,49000001,50000000,0.650756
3,50000001,51000000,0.621349
3,51000001,52000000,0.589132
3,52000001,53000000,0.664555
3,53000001,54000000,0.696886
3,54000001,55000000,0.750187
3,55000001,56000000,0.818342
3,56000001,57000000,0.784916
3,57000001,58000000,0.774517
3,58000001,59000000,0.834697
3,59000001,60000000,0.859364
3,60000001,61000000,0.929306
3,61000001,62000000,0.851119
3,62000001,63000000,0.928635
3,63000001,64000000,0.880965
3,64000001,65000000,0.901141
3,65000001,66000000,0.872084
3,66000001,67000000,0.832567
3,67000001,68000000,0.909159
3,68000001,69000000,0.950000
3,69000001,70000000,0.950000
3,70000001,71000000,0.950000
3,71000001,72000000,0.950000
3,72000001,73000000,0.876837
3,73000001,74000000,0.931551
3,74000001,75000000,0.943680
3,75000001,76000000,0.942449
3,76000001,77000000,0.950000
3,77000001,78000000,0.950000
3,78000001,79000000,0.879967
3,79000001,80000000,0.904149
3,80000001,81000000,0.950000
3,81000001,82000000,0.902296
3,82000001,83000000,0.950000
3,83000001,84000000,0.950000
3,84000001,85000000,0.950000
3,85000001,86000000,0.950000
3,86000001,87000000,0.950000
3,87000001,88000000,0.950000
3,88000001,89000000,0.950000
3,89000001,90000000,0.950000
3,90000001,91000000,0.950000
3,91000001,92000000,0.939342
3,92000001,93000000,0.950000
3,93000001,94000000,0.878370
3,94000001,95000000,0.894114
3,95000001,96000000,0.889699
3,96000001,97000000,0.948517
3,97000001,98000000,0.944209
3,98000001,99000000,0.883456
3,99000001,100000000,0.949917
3,100000001,101000000,0.950000
3,101000001,102000000,0.950000
3,102000001,103000000,0.912274
3,103000001,104000000,0.871147
3,104000001,105000000,0.827236
3,105000001,106000000,0.780453
3,106000001,107000000,0.858246
3,107000001,108000000,0.851871
3,108000001,109000000,0.881466
3,109000001,110000000,0.820868
3,110000001,111000000,0.859269
3,111000001,112000000,0.863672
3,112000001,113000000,0.839851
3,113000001,114000000,0.822852
3,114000001,115000000,0.871268
3,115000001,116000000,0.894093
3,116000001,117000000,0.944419
3,117000001,118000000,0.950000
3,118000001,119000000,0.918249
3,119000001,120000000,0.887489
3,120000001,121000000,0.876416
3,121000001,122000000,0.864035
3,122000001,123000000,0.853813
3,123000001,124000000,0.843016
3,124000001,125000000,0.777324
3,125000001,126000000,0.757469
3,126000001,127000000,0.736351
3,127000001,128000000,0.690772
3,128000001,129000000,0.697749
3,129000001,130000000,0.713233
3,130000001,131000000,0.756073
3,131000001,132000000,0.829282
3,132000001,133000000,0.791169
3,133000001,134000000,0.761942
3,134000001,135000000,0.796212
3,135000001,136000000,0.833259
3,136000001,137000000,0.882429
3,137000001,138000000,0.938923
3,138000001,139000000,0.911834
3,139000001,140000000,0.846053
3,140000001,141000000,0.797179
3,141000001,142000000,0.760057
3,142000001,143000000,0.692732
3,143000001,144000000,0.640862
3,144000001,145000000,0.676348
3,145000001,146000000,0.632428
3,146000001,147000000,0.601831
3,147000001,148000000,0.586832
3,148000001,149000000,0.641501
3,149000001,150000000,0.568368
3,150000001,151000000,0.532230
3,151000001,152000000,0.606018
3,152000001,153000000,0.667713
3,153000001,154000000,0.634140
3,154000001,155000000,0.568825
3,155000001,156000000,0.496227
3,156000001,157000000,0.549602
3,157000001,158000000,0.594058
3,158000001,159000000,0.567840
3,159000001,160000000,0.617351
3,160000001,161000000,0.659083
3,161000001,162000000,0.721288
3,162000001,163000000,0.723063
3,163000001,164000000,0.762221
3,164000001,165000000,0.749249
3,165000001,166000000,0.688395
3,166000001,167000000,0.718134
3,167000001,168000000,0.657202
3,168000001,169000000,0.586027
3,169000001,170000000,0.644528
3,170000001,171000000,0.604072
3,171000001,172000000,0.576174
3,172000001,173000000,0.588514
3,173000001,174000000,0.559327
3,174000001,175000000,0.515466
3,175000001,176000000,0.533731
3,176000001,177000000,0.496962
3,177000001,178000000,0.525687
3,178000001,179000000,0.591348
3,179000001,180000000,0.601867
3,180000001,181000000,0.565674
3,181000001,182000000,0.562644
3,182000001,183000000,0.556213
3,183000001,184000000,0.559059
3,184000001,185000000,0.593929
3,185000001,186000000,0.632598
3,186000001,187000000,0.675283
3,187000001,188000000,0.615900
3,188000001,189000000,0.664538
3,189000001,190000000,0.648160
3,190000001,191000000,0.596859
3,191000001,192000000,0.670968
3,192000001,193000000,0.689869
3,193000001,194000000,0.674489
3,194000001,195000000,0.683864
3,195000001,196000000,0.605083
3,196000001,197000000,0.614545
3,197000001,198000000,0.545667
3,198000001,199000000,0.607091
3,199000001,200000000,0.683915
3,200000001,201000000,0.610784
3,201000001,201105948,0.580942
4,1,1000000,0.275793
4,1000001,2000000,0.204010
4,2000001,3000000,0.126840
4,3000001,4000000,0.197847
4,4000001,5000000,0.188837
4,5000001,6000000,0.116977
4,6000001,7000000,0.157318
4,7000001,8000000,0.172417
4,8000001,9000000,0.171257
4,9000001,10000000,0.246541
4,10000001,11000000,0.172748
4,11000001,12000000,0.165224
4,12000001,13000000,0.117132
4,13000001,14000000,0.087017
4,14000001,15000000,0.164681
4,15000001,16000000,0.161073
4,16000001,17000000,0.192093
4,17000001,18000000,0.223200
4,18000001,19000000,0.158620
4,19000001,20000000,0.145902
4,20000001,21000000,0.179599
4,21000001,22000000,0.236168
4,22000001,23000000,0.299866
4,23000001,24000000,0.268766
4,24000001,25000000,0.226894
4,25000001,26000000,0.160273
4,26000001,27000000,0.081076
4,27000001,28000000,0.050000
4,28000001,29000000,0.051874
4,29000001,30000000,0.123485
4,30000001,31000000,0.051450
4,31000001,32000000,0.050000
4,32000001,33000000,0.070779
4,33000001,34000000,0.050000
4,34000001,35000000,0.050000
4,35000001,36000000,0.050000
4,36000001,37000000,0.050000
4,37000001,38000000,0.050000
4,38000001,39000000,0.050000
4,39000001,40000000,0.050000
4,40000001,41000000,0.050000
4,41000001,42000000,0.115337
4,42000001,43000000,0.063862
4,43000001,44000000,0.078515
4,44000001,45000000,0.144769
4,45000001,46000000,0.077843
4,46000001,47000000,0.157569
4,47000001,48000000,0.144557
4,48000001,49000000,0.071317
4,49000001,50000000,0.104026
4,50000001,51000000,0.149202
4,51000001,52000000,0.193378
4,52000001,53000000,0.251342
4,53000001,54000000,0.243223
4,54000001,55000000,0.166481
4,55000001,56000000,0.140750
4,56000001,57000000,0.140571
4,57000001,58000000,0.176131
4,58000001,59000000,0.189662
4,59000001,60000000,0.208702
4,60000001,61000000,0.161307
4,61000001,62000000,0.217019
4,62000001,63000000,0.147826
4,63000001,64000000,0.208205
4,64000001,65000000,0.158649
4,65000001,66000000,0.157254
4,66000001,67000000,0.211612
4,67000001,68000000,0.290000
4,68000001,69000000,0.319483
4,69000001,70000000,0.255604
4,70000001,71000000,0.242725
4,71000001,72000000,0.221574
4,72000001,73000000,0.281479
4,73000001,74000000,0.223134
4,74000001,75000000,0.236565
4,75000001,76000000,0.296878
4,76000001,77000000,0.312727
4,77000001,78000000,0.379126
4,78000001,79000000,0.456747
4,79000001,80000000,0.524759
4,80000001,81000000,0.551190
4,81000001,82000000,0.546519
4,82000001,83000000,0.521048
4,83000001,84000000,0.482614
4,84000001,85000000,0.547266
4,85000001,86000000,0.476311
4,86000001,87000000,0.459553
4,87000001,88000000,0.534239
4,88000001,89000000,0.584766
4,89000001,90000000,0.520189
4,90000001,91000000,0.519924
4,91000001,92000000,0.565735
4,92000001,93000000,0.568649
4,93000001,94000000,0.646637
4,94000001,95000000,0.696802
4,95000001,96000000,0.709886
4,96000001,97000000,0.661238
4,97000001,98000000,0.669050
4,98000001,99000000,0.603626
4,99000001,100000000,0.566223
4,100000001,101000000,0.559053
4,101000001,102000000,0.636624
4,102000001,103000000,0.666008
4,103000001,104000000,0.695023
4,104000001,105000000,0.640790
4,105000001,106000000,0.603282
4,106000001,107000000,0.653580
4,107000001,108000000,0.693475
4,108000001,109000000,0.678548
4,109000001,110000000,0.727802
4,110000001,111000000,0.730510
4,111000001,112000000,0.677701
4,112000001,113000000,0.601678
4,113000001,114000000,0.627146
4,114000001,115000000,0.645025
4,115000001,116000000,0.722001
4,116000001,117000000,0.644374
4,117000001,118000000,0.681293
4,118000001,119000000,0.715700
4,119000001,120000000,0.657160
4,120000001,121000000,0.692511
4,121000001,122000000,0.637205
4,122000001,123000000,0.581967
4,123000001,124000000,0.621497
4,124000001,125000000,0.563263
4,125000001,126000000,0.509365
4,126000001,127000000,0.465153
4,127000001,128000000,0.459885
4,128000001,129000000,0.536369
4,129000001,130000000,0.581843
4,130000001,131000000,0.611075
4,131000001,132000000,0.626102
4,132000001,133000000,0.657977
4,133000001,134000000,0.585046
4,134000001,135000000,0.514681
4,135000001,136000000,0.594521
4,136000001,137000000,0.533735
4,137000001,138000000,0.611453
4,138000001,139000000,0.625526
4,139000001,140000000,0.634301
4,140000001,141000000,0.556059
4,141000001,142000000,0.495601
4,142000001,143000000,0.434878
4,143000001,144000000,0.500482
4,144000001,145000000,0.429210
4,145000001,146000000,0.366050
4,146000001,147000000,0.323014
4,147000001,148000000,0.343047
4,148000001,149000000,0.317915
4,149000001,150000000,0.266399
4,150000001,151000000,0.281040
4,151000001,152000000,0.343231
4,152000001,153000000,0.333164
4,153000001,154000000,0.404485
4,154000001,155000000,0.482458
4,155000001,156000000,0.477755
4,156000001,157000000,0.548317
4,157000001,158000000,0.596971
4,158000001,159000000,0.663425
4,159000001,160000000,0.646772
4,160000001,161000000,0.572028
4,161000001,162000000,0.573845
4,162000001,163000000,0.509126
4,163000001,164000000,0.565995
4,164000001,165000000,0.550445
4,165000001,166000000,0.487916
4,166000001,167000000,0.422926
4,167000001,168000000,0.427503
4,168000001,169000000,0.402779
4,169000001,170000000,0.332519
4,170000001,171000000,0.259216
4,171000001,172000000,0.205849
4,172000001,173000000,0.159973
4,173000001,174000000,0.144708
4,174000001,175000000,0.186608
4,175000001,176000000,0.199404
4,176000001,177000000,0.215630
4,177000001,178000000,0.189133
4,178000001,179000000,0.150757
4,179000001,180000000,0.090991
4,180000001,181000000,0.058291
4,181000001,182000000,0.050000
4,182000001,183000000,0.050000
4,183000001,184000000,0.050000
4,184000001,185000000,0.050000
4,185000001,186000000,0.109049
4,186000001,187000000,0.148435
4,187000001,188000000,0.087504
4,188000001,189000000,0.124390
4,189000001,190000000,0.201330
4,190000001,191000000,0.129779
4,191000001,192000000,0.080768
4,192000001,193000000,0.141773
4,193000001,193574945,0.139296
5,1,1000000,0.363241
5,1000001,2000000,0.423389
5,2000001,3000000,0.419316
5,3000001,4000000,0.492778
5,4000001,5000000,0.432607
5,5000001,6000000,0.474599
5,6000001,7000000,0.532099
5,7000001,8000000,0.488328
5,8000001,9000000,0.509110
5,9000001,10000000,0.440743
5,10000001,11000000,0.414947
5,11000001,12000000,0.393693
5,12000001,13000000,0.408815
5,13000001,14000000,0.417804
5,14000001,15000000,0.402830
5,15000001,16000000,0.410089
5,16000001,17000000,0.453656
5,17000001,18000000,0.425621
5,18000001,19000000,0.380457
5,19000001,20000000,0.362363
5,20000001,21000000,0.289049
5,21000001,22000000,0.355963
5,22000001,23000000,0.425235
5,23000001,24000000,0.368383
5,24000001,25000000,0.344513
5,25000001,26000000,0.289552
5,26000001,27000000,0.266270
5,27000001,28000000,0.211607
5,28000001,29000000,0.190467
5,29000001,30000000,0.225341
5,30000001,31000000,0.158803
5,31000001,32000000,0.163888
5,32000001,33000000,0.105840
5,33000001,34000000,0.130116
5,34000001,35000000,0.181496
5,35000001,36000000,0.230734
5,36000001,37000000,0.308461
5,37000001,38000000,0.274683
5,38000001,39000000,0.285467
5,39000001,40000000,0.343227
5,40000001,41000000,0.284548
5,41000001,42000000,0.238811
5,42000001,43000000,0.240268
5,43000001,44000000,0.278250
5,44000001,45000000,0.208780
5,45000001,46000000,0.165116
5,46000001,47000000,0.213050
5,47000001,48000000,0.250186
5,48000001,49000000,0.314890
5,49000001,50000000,0.255809
5,50000001,51000000,0.203805
5,51000001,52000000,0.158381
5,52000001,53000000,0.207965
5,53000001,54000000,0.211506
5,54000001,55000000,0.237859
5,55000001,56000000,0.218262
5,56000001,57000000,0.216489
5,57000001,58000000,0.280412
5,58000001,59000000,0.326787
5,59000001,60000000,0.321033
5,60000001,61000000,0.304338
5,61000001,62000000,0.270596
5,62000001,63000000,0.192506
5,63000001,64000000,0.161294
5,64000001,65000000,0.108715
5,65000001,66000000,0.163610
5,66000001,67000000,0.166748
5,67000001,68000000,0.138751
5,68000001,69000000,0.167446
5,69000001,70000000,0.128400
5,70000001,71000000,0.169410
5,71000001,72000000,0.158283
5,72000001,73000000,0.211807
5,73000001,74000000,0.143078
5,74000001,75000000,0.175922
5,75000001,76000000,0.194186
5,76000001,77000000,0.257870
5,77000001,78000000,0.278361
5,78000001,79000000,0.276797
5,79000001,80000000,0.237615
5,80000001,81000000,0.258841
5,81000001,82000000,0.243468
5,82000001,83000000,0.169788
5,83000001,84000000,0.222604
5,84000001,85000000,0.289888
5,85000001,86000000,0.284613
5,86000001,87000000,0.240439
5,87000001,88000000,0.196848
5,88000001,89000000,0.232737
5,89000001,90000000,0.258613
5,90000001,91000000,0.233099
5,91000001,92000000,0.198642
5,92000001,93000000,0.181695
5,93000001,94000000,0.253453
5,94000001,95000000,0.175173
5,95000001,96000000,0.161266
5,96000001,97000000,0.135308
5,97000001,98000000,0.097700
5,98000001,99000000,0.052906
5,99000001,100000000,0.050000
5,100000001,101000000,0.050000
5,101000001,102000000,0.096036
5,102000001,103000000,0.123730
5,103000001,104000000,0.070400
5,104000001,105000000,0.077406
5,105000001,106000000,0.074870
5,106000001,107000000,0.050000
5,107000001,108000000,0.069816
5,108000001,109000000,0.137347
5,109000001,110000000,0.121552
5,110000001,111000000,0.082291
5,111000001,112000000,0.066214
5,112000001,113000000,0.081870
5,113000001,114000000,0.130935
5,114000001,115000000,0.058108
5,115000001,116000000,0.050000
5,116000001,117000000,0.050000
5,117000001,118000000,0.050000
5,118000001,119000000,0.056303
5,119000001,120000000,0.107413
5,120000001,121000000,0.174323
5,121000001,122000000,0.226552
5,122000001,123000000,0.208789
5,123000001,124000000,0.237256
5,124000001,125000000,0.157917
5,125000001,126000000,0.132161
5,126000001,127000000,0.132773
5,127000001,128000000,0.203711
5,128000001,129000000,0.180339
5,129000001,130000000,0.165786
5,130000001,131000000,0.134113
5,131000001,132000000,0.063413
5,132000001,133000000,0.073371
5,133000001,134000000,0.050000
5,134000001,135000000,0.075826
5,135000001,136000000,0.138188
5,136000001,137000000,0.149811
5,137000001,138000000,0.097159
5,138000001,139000000,0.050000
5,139000001,140000000,0.062915
5,140000001,141000000,0.068153
5,141000001,142000000,0.058796
5,142000001,143000000,0.070580
5,143000001,144000000,0.050000
5,144000001,145000000,0.115898
5,145000001,146000000,0.150778
5,146000001,147000000,0.150425
5,147000001,148000000,0.088408
5,148000001,149000000,0.050000
5,149000001,150000000,0.060997
5,150000001,151000000,0.076760
5,151000001,152000000,0.076725
5,152000001,153000000,0.103778
5,153000001,154000000,0.050000
5,154000001,155000000,0.091138
5,155000001,156000000,0.141097
5,156000001,157000000,0.087837
5,157000001,158000000,0.050000
5,158000001,159000000,0.050000
5,159000001,160000000,0.120762
5,160000001,161000000,0.141316
5,161000001,162000000,0.189848
5,162000001,163000000,0.263318
5,163000001,164000000,0.206483
5,164000001,165000000,0.225325
5,165000001,166000000,0.187108
5,166000001,167000000,0.136916
5,167000001,168000000,0.136638
5,168000001,169000000,0.079587
5,169000001,170000000,0.111900
5,170000001,171000000,0.149387
5,171000001,172000000,0.199153
5,172000001,173000000,0.163397
5,173000001,174000000,0.126026
5,174000001,175000000,0.056058
5,175000001,176000000,0.050778
5,176000001,177000000,0.050000
5,177000001,178000000,0.050000
5,178000001,179000000,0.098549
5,179000001,180000000,0.061973
5,180000001,181000000,0.050000
5,181000001,182000000,0.050000
5,182000001,182045439,0.050000
6,1,1000000,0.480132
6,1000001,2000000,0.495518
6,2000001,3000000,0.429067
6,3000001,4000000,0.363740
6,4000001,5000000,0.343317
6,5000001,6000000,0.416056
6,6000001,7000000,0.473472
6,7000001,8000000,0.515014
6,8000001,9000000,0.481398
6,9000001,10000000,0.472129
6,10000001,11000000,0.518523
6,11000001,12000000,0.595031
6,12000001,13000000,0.578091
6,13000001,14000000,0.519417
6,14000001,15000000,0.495566
6,15000001,16000000,0.443129
6,16000001,17000000,0.448214
6,17000001,18000000,0.462873
6,18000001,19000000,0.388535
6,19000001,20000000,0.342137
6,20000001,21000000,0.289067
6,21000001,22000000,0.229425
6,22000001,23000000,0.218562
6,23000001,24000000,0.201941
6,24000001,25000000,0.188614
6,25000001,26000000,0.203051
6,26000001,27000000,0.279396
6,27000001,28000000,0.226016
6,28000001,29000000,0.279659
6,29000001,30000000,0.234864
6,30000001,31000000,0.185030
6,31000001,32000000,0.228185
6,32000001,33000000,0.175688
6,33000001,34000000,0.186150
6,34000001,35000000,0.225094
6,35000001,36000000,0.223308
6,36000001,37000000,0.202735
6,37000001,38000000,0.127134
6,38000001,39000000,0.201101
6,39000001,40000000,0.141428
6,40000001,41000000,0.181295
6,41000001,42000000,0.200478
6,42000001,43000000,0.144387
6,43000001,44000000,0.093352
6,44000001,45000000,0.091900
6,45000001,46000000,0.050000
6,46000001,47000000,0.050000
6,47000001,48000000,0.050000
6,48000001,49000000,0.061045
6,49000001,50000000,0.050000
6,50000001,51000000,0.050000
6,51000001,52000000,0.081588
6,52000001,53000000,0.050000
6,53000001,54000000,0.050000
6,54000001,55000000,0.050000
6,55000001,56000000,0.097481
6,56000001,57000000,0.130745
6,57000001,58000000,0.193825
6,58000001,59000000,0.155219
6,59000001,60000000,0.075831
6,60000001,61000000,0.133100
6,61000001,62000000,0.065523
6,62000001,63000000,0.050000
6,63000001,64000000,0.122104
6,64000001,65000000,0.088021
6,65000001,66000000,0.050000
6,66000001,67000000,0.114684
6,67000001,68000000,0.103506
6,68000001,69000000,0.081236
6,69000001,70000000,0.102666
6,70000001,71000000,0.068157
6,71000001,72000000,0.106452
6,72000001,73000000,0.173256
6,73000001,74000000,0.097730
6,74000001,75000000,0.118763
6,75000001,76000000,0.152727
6,76000001,77000000,0.124480
6,77000001,78000000,0.189282
6,78000001,79000000,0.196214
6,79000001,80000000,0.271718
6,80000001,81000000,0.209557
6,81000001,82000000,0.257926
6,82000001,83000000,0.188163
6,83000001,84000000,0.233284
6,84000001,85000000,0.221840
6,85000001,86000000,0.183094
6,86000001,87000000,0.212311
6,87000001,88000000,0.220987
6,88000001,89000000,0.274277
6,89000001,90000000,0.337666
6,90000001,91000000,0.339512
6,91000001,92000000,0.404072
6,92000001,93000000,0.421529
6,93000001,94000000,0.474141
6,94000001,95000000,0.518675
6,95000001,96000000,0.587390
6,96000001,97000000,0.574739
6,97000001,98000000,0.641786
6,98000001,99000000,0.564249
6,99000001,100000000,0.494213
6,100000001,101000000,0.506298
6,101000001,102000000,0.579775
6,102000001,103000000,0.632851
6,103000001,104000000,0.666803
6,104000001,105000000,0.738082
6,105000001,106000000,0.808288
6,106000001,107000000,0.777664
6,107000001,108000000,0.707997
6,108000001,109000000,0.644311
6,109000001,110000000,0.621080
6,110000001,111000000,0.619170
6,111000001,112000000,0.657954
6,112000001,113000000,0.617527
6,113000001,114000000,0.638666
6,114000001,115000000,0.580095
6,115000001,116000000,0.511148
6,116000001,117000000,0.538120
6,117000001,118000000,0.514295
6,118000001,119000000,0.525744
6,119000001,120000000,0.565096
6,120000001,121000000,0.621676
6,121000001,122000000,0.639325
6,122000001,123000000,0.693226
6,123000001,124000000,0.764821
6,124000001,125000000,0.819514
6,125000001,126000000,0.827528
6,126000001,127000000,0.828174
6,127000001,128000000,0.880265
6,128000001,129000000,0.918291
6,129000001,130000000,0.883641
6,130000001,131000000,0.900244
6,131000001,132000000,0.860181
6,132000001,133000000,0.792293
6,133000001,134000000,0.760106
6,134000001,135000000,0.715473
6,135000001,136000000,0.735664
6,136000001,137000000,0.690143
6,137000001,138000000,0.671333
6,138000001,139000000,0.681936
6,139000001,140000000,0.673082
6,140000001,141000000,0.644102
6,141000001,142000000,0.723221
6,142000001,143000000,0.710033
6,143000001,144000000,0.682268
6,144000001,145000000,0.753630
6,145000001,146000000,0.696215
6,146000001,147000000,0.690054
6,147000001,148000000,0.652538
6,148000001,149000000,0.687544
6,149000001,150000000,0.609395
6,150000001,151000000,0.622550
6,151000001,152000000,0.700048
6,152000001,153000000,0.700280
6,153000001,154000000,0.737512
6,154000001,155000000,0.716599
6,155000001,156000000,0.720108
6,156000001,157000000,0.696713
6,157000001,158000000,0.686688
6,158000001,159000000,0.735936
6,159000001,160000000,0.677972
6,160000001,161000000,0.650451
6,161000001,162000000,0.655767
6,162000001,163000000,0.627470
6,163000001,164000000,0.671074
6,164000001,165000000,0.603212
6,165000001,166000000,0.606539
6,166000001,167000000,0.682610
6,167000001,168000000,0.715435
6,168000001,169000000,0.677307
6,169000001,170000000,0.700507
6,170000001,171000000,0.684337
6,171000001,172000000,0.638972
6,172000001,172126628,0.638143
7,1,1000000,0.430299
7,1000001,2000000,0.462424
7,2000001,3000000,0.407650
7,3000001,4000000,0.431417
7,4000001,5000000,0.454641
7,5000001,6000000,0.461163
7,6000001,7000000,0.400461
7,7000001,8000000,0.369586
7,8000001,9000000,0.323036
7,9000001,10000000,0.254952
7,10000001,11000000,0.272880
7,11000001,12000000,0.338645
7,12000001,13000000,0.406289
7,13000001,14000000,0.361770
7,14000001,15000000,0.286295
7,15000001,16000000,0.250106
7,16000001,17000000,0.242286
7,17000001,18000000,0.224027
7,18000001,19000000,0.251802
7,19000001,20000000,0.296982
7,20000001,21000000,0.300055
7,21000001,22000000,0.284723
7,22000001,23000000,0.295446
7,23000001,24000000,0.301463
7,24000001,25000000,0.270794
7,25000001,26000000,0.318089
7,26000001,27000000,0.349469
7,27000001,28000000,0.281477
7,28000001,29000000,0.270442
7,29000001,30000000,0.201248
7,30000001,31000000,0.253599
7,31000001,32000000,0.277801
7,32000001,33000000,0.302004
7,33000001,34000000,0.229345
7,34000001,35000000,0.295294
7,35000001,36000000,0.283460
7,36000001,37000000,0.304994
7,37000001,38000000,0.292710
7,38000001,39000000,0.249142
7,39000001,40000000,0.325146
7,40000001,41000000,0.275292
7,41000001,42000000,0.288630
7,42000001,43000000,0.345531
7,43000001,44000000,0.323327
7,44000001,45000000,0.287461
7,45000001,46000000,0.271966
7,46000001,47000000,0.313526
7,47000001,48000000,0.315312
7,48000001,49000000,0.352024
7,49000001,50000000,0.420058
7,50000001,51000000,0.396043
7,51000001,52000000,0.386165
7,52000001,53000000,0.324244
7,53000001,54000000,0.323598
7,54000001,55000000,0.397414
7,55000001,56000000,0.362109
7,56000001,57000000,0.344168
7,57000001,58000000,0.311539
7,58000001,59000000,0.258824
7,59000001,60000000,0.202285
7,60000001,61000000,0.279125
7,61000001,62000000,0.348863
7,62000001,63000000,0.298540
7,63000001,64000000,0.352226
7,64000001,65000000,0.359891
7,65000001,66000000,0.300422
7,66000001,67000000,0.377904
7,67000001,68000000,0.429405
7,68000001,69000000,0.352943
7,69000001,70000000,0.298085
7,70000001,71000000,0.276839
7,71000001,72000000,0.296883
7,72000001,73000000,0.339000
7,73000001,74000000,0.387615
7,74000001,75000000,0.378654
7,75000001,76000000,0.308828
7,76000001,77000000,0.306639
7,77000001,78000000,0.309338
7,78000001,79000000,0.308321
7,79000001,80000000,0.268907
7,80000001,81000000,0.280891
7,81000001,82000000,0.354811
7,82000001,83000000,0.398535
7,83000001,84000000,0.337745
7,84000001,85000000,0.352770
7,85000001,86000000,0.359331
7,86000001,87000000,0.423565
7,87000001,88000000,0.398763
7,88000001,89000000,0.397206
7,89000001,90000000,0.383020
7,90000001,91000000,0.304857
7,91000001,92000000,0.284391
7,92000001,93000000,0.358759
7,93000001,94000000,0.325403
7,94000001,95000000,0.330080
7,95000001,96000000,0.395983
7,96000001,97000000,0.432200
7,97000001,98000000,0.458531
7,98000001,99000000,0.487084
7,99000001,100000000,0.519864
7,100000001,101000000,0.551881
7,101000001,102000000,0.537632
7,102000001,103000000,0.467046
7,103000001,104000000,0.474439
7,104000001,105000000,0.473469
7,105000001,106000000,0.447691
7,106000001,107000000,0.378832
7,107000001,108000000,0.441658
7,108000001,109000000,0.403470
7,109000001,110000000,0.372121
7,110000001,111000000,0.375106
7,111000001,112000000,0.305910
7,112000001,113000000,0.298350
7,113000001,114000000,0.301671
7,114000001,115000000,0.370672
7,115000001,116000000,0.355819
7,116000001,117000000,0.320372
7,117000001,118000000,0.371697
7,118000001,119000000,0.313921
7,119000001,120000000,0.245362
7,120000001,121000000,0.179150
7,121000001,122000000,0.126486
7,122000001,123000000,0.068537
7,123000001,124000000,0.050000
7,124000001,125000000,0.092711
7,125000001,126000000,0.085721
7,126000001,127000000,0.050000
7,127000001,128000000,0.054963
7,128000001,129000000,0.051002
7,129000001,130000000,0.050000
7,130000001,131000000,0.051069
7,131000001,132000000,0.130495
7,132000001,133000000,0.104540
7,133000001,134000000,0.072864
7,134000001,135000000,0.068867
7,135000001,136000000,0.050000
7,136000001,137000000,0.050000
7,137000001,138000000,0.120387
7,138000001,139000000,0.102012
7,139000001,140000000,0.164997
7,140000001,141000000,0.113653
7,141000001,142000000,0.131461
7,142000001,143000000,0.169811
7,143000001,144000000,0.249638
7,144000001,145000000,0.200200
7,145000001,146000000,0.191549
7,146000001,147000000,0.264231
7,147000001,148000000,0.323782
7,148000001,149000000,0.288667
7,149000001,150000000,0.331493
7,150000001,151000000,0.409149
7,151000001,152000000,0.373138
7,152000001,153000000,0.344261
7,153000001,154000000,0.283360
7,154000001,155000000,0.255251
7,155000001,156000000,0.208568
7,156000001,157000000,0.230148
7,157000001,158000000,0.222630
7,158000001,159000000,0.207296
7,159000001,160000000,0.204186
7,160000001,160567428,0.252421
8,1,1000000,0.547711
8,1000001,2000000,0.479815
8,2000001,3000000,0.555374
8,3000001,4000000,0.506638
8,4000001,5000000,0.462479
8,5000001,6000000,0.408930
8,6000001,7000000,0.449870
8,7000001,8000000,0.429124
8,8000001,9000000,0.506830
8,9000001,10000000,0.577482
8,10000001,11000000,0.640988
8,11000001,12000000,0.703357
8,12000001,13000000,0.701433
8,13000001,14000000,0.639824
8,14000001,15000000,0.587601
8,15000001,16000000,0.579229
8,16000001,17000000,0.539522
8,17000001,18000000,0.597849
8,18000001,19000000,0.520034
8,19000001,20000000,0.475682
8,20000001,21000000,0.402015
8,21000001,22000000,0.446702
8,22000001,23000000,0.411304
8,23000001,24000000,0.414492
8,24000001,25000000,0.383953
8,25000001,26000000,0.452944
8,26000001,27000000,0.505338
8,27000001,28000000,0.558139
8,28000001,29000000,0.631184
8,29000001,30000000,0.683927
8,30000001,31000000,0.635424
8,31000001,32000000,0.647655
8,32000001,33000000,0.708637
8,33000001,34000000,0.710529
8,34000001,35000000,0.752668
8,35000001,36000000,0.819707
8,36000001,37000000,0.755907
8,37000001,38000000,0.722301
8,38000001,39000000,0.740950
8,39000001,40000000,0.714380
8,40000001,41000000,0.710311
8,41000001,42000000,0.769825
8,42000001,43000000,0.835054
8,43000001,44000000,0.766777
8,44000001,45000000,0.811974
8,45000001,46000000,0.882782
8,46000001,47000000,0.863944
8,47000001,48000000,0.811034
8,48000001,49000000,0.835109
8,49000001,50000000,0.767047
8,50000001,51000000,0.708845
8,51000001,52000000,0.739733
8,52000001,53000000,0.683681
8,53000001,54000000,0.732690
8,54000001,55000000,0.766205
8,55000001,56000000,0.787822
8,56000001,57000000,0.771093
8,57000001,58000000,0.833411
8,58000001,59000000,0.765913
8,59000001,60000000,0.794425
8,60000001,61000000,0.840573
8,61000001,62000000,0.874760
8,62000001,63000000,0.823547
8,63000001,64000000,0.888313
8,64000001,65000000,0.908174
8,65000001,66000000,0.950000
8,66000001,67000000,0.950000
8,67000001,68000000,0.927365
8,68000001,69000000,0.950000
8,69000001,70000000,0.950000
8,70000001,71000000,0.879492
8,71000001,72000000,0.875076
8,72000001,73000000,0.806997
8,73000001,74000000,0.886360
8,74000001,75000000,0.864099
8,75000001,76000000,0.870359
8,76000001,77000000,0.914356
8,77000001,78000000,0.890987
8,78000001,79000000,0.903844
8,79000001,80000000,0.892565
8,80000001,81000000,0.864322
8,81000001,82000000,0.799253
8,82000001,83000000,0.850150
8,83000001,84000000,0.851906
8,84000001,85000000,0.780066
8,85000001,86000000,0.856619
8,86000001,87000000,0.877082
8,87000001,88000000,0.869581
8,88000001,89000000,0.839520
8,89000001,90000000,0.821108
8,90000001,91000000,0.880034
8,91000001,92000000,0.950000
8,92000001,93000000,0.941918
8,93000001,94000000,0.890492
8,94000001,95000000,0.837620
8,95000001,96000000,0.893223
8,96000001,97000000,0.896677
8,97000001,98000000,0.900289
8,98000001,99000000,0.857233
8,99000001,100000000,0.926893
8,100000001,101000000,0.874098
8,101000001,102000000,0.858093
8,102000001,103000000,0.832974
8,103000001,104000000,0.851088
8,104000001,105000000,0.776420
8,105000001,106000000,0.790562
8,106000001,107000000,0.737945
8,107000001,108000000,0.695685
8,108000001,109000000,0.744167
8,109000001,110000000,0.697596
8,110000001,111000000,0.744463
8,111000001,112000000,0.718940
8,112000001,113000000,0.768574
8,113000001,114000000,0.803425
8,114000001,115000000,0.723902
8,115000001,116000000,0.711855
8,116000001,117000000,0.777437
8,117000001,118000000,0.717784
8,118000001,119000000,0.767378
8,119000001,120000000,0.746525
8,120000001,121000000,0.703867
8,121000001,122000000,0.676582
8,122000001,123000000,0.686079
8,123000001,124000000,0.644216
8,124000001,125000000,0.606374
8,125000001,126000000,0.606082
8,126000001,127000000,0.575381
8,127000001,128000000,0.551374
8,128000001,129000000,0.567547
8,129000001,130000000,0.631736
8,130000001,131000000,0.602863
8,131000001,132000000,0.672604
8,132000001,133000000,0.709327
8,133000001,134000000,0.687024
8,134000001,135000000,0.708594
8,135000001,136000000,0.746324
8,136000001,137000000,0.803024
8,137000001,138000000,0.818490
8,138000001,139000000,0.889862
8,139000001,140000000,0.896276
8,140000001,141000000,0.890507
8,141000001,142000000,0.931855
8,142000001,143000000,0.882855
8,143000001,144000000,0.867952
8,144000001,145000000,0.889112
8,145000001,146000000,0.919582
8,146000001,146259331,0.910490
9,1,1000000,0.263855
9,1000001,2000000,0.242147
9,2000001,3000000,0.299891
9,3000001,4000000,0.285989
9,4000001,5000000,0.207136
9,5000001,6000000,0.206189
9,6000001,7000000,0.248087
9,7000001,8000000,0.176463
9,8000001,9000000,0.213908
9,9000001,10000000,0.152077
9,10000001,11000000,0.181267
9,11000001,12000000,0.204573
9,12000001,13000000,0.159407
9,13000001,14000000,0.199250
9,14000001,15000000,0.225088
9,15000001,16000000,0.210045
9,16000001,17000000,0.153305
9,17000001,18000000,0.111458
9,18000001,19000000,0.160518
9,19000001,20000000,0.209987
9,20000001,21000000,0.243690
9,21000001,22000000,0.291263
9,22000001,23000000,0.286960
9,23000001,24000000,0.317537
9,24000001,25000000,0.310199
9,25000001,26000000,0.346576
9,26000001,27000000,0.341896
9,27000001,28000000,0.266151
9,28000001,29000000,0.187439
9,29000001,30000000,0.115111
9,30000001,31000000,0.096565
9,31000001,32000000,0.050000
9,32000001,33000000,0.050000
9,33000001,34000000,0.050000
9,34000001,35000000,0.050000
9,35000001,36000000,0.050000
9,36000001,37000000,0.050000
9,37000001,38000000,0.050000
9,38000001,39000000,0.050000
9,39000001,40000000,0.071620
9,40000001,41000000,0.115441
9,41000001,42000000,0.078118
9,42000001,43000000,0.050000
9,43000001,44000000,0.050000
9,44000001,45000000,0.080734
9,45000001,46000000,0.079101
9,46000001,47000000,0.063949
9,47000001,48000000,0.050000
9,48000001,49000000,0.078767
9,49000001,50000000,0.050000
9,50000001,51000000,0.122099
9,51000001,52000000,0.058493
9,52000001,53000000,0.050000
9,53000001,54000000,0.113167
9,54000001,55000000,0.096545
9,55000001,56000000,0.119938
9,56000001,57000000,0.117415
9,57000001,58000000,0.108954
9,58000001,59000000,0.155923
9,59000001,60000000,0.181683
9,60000001,61000000,0.230548
9,61000001,62000000,0.303858
9,62000001,63000000,0.227228
9,63000001,64000000,0.237163
9,64000001,65000000,0.303722
9,65000001,66000000,0.237773
9,66000001,67000000,0.307400
9,67000001,68000000,0.345896
9,68000001,69000000,0.352213
9,69000001,70000000,0.364407
9,70000001,71000000,0.315505
9,71000001,72000000,0.270585
9,72000001,73000000,0.215808
9,73000001,74000000,0.231193
9,74000001,75000000,0.155872
9,75000001,76000000,0.226992
9,76000001,77000000,0.223097
9,77000001,78000000,0.239550
9,78000001,79000000,0.195357
9,79000001,80000000,0.129108
9,80000001,81000000,0.103932
9,81000001,82000000,0.050000
9,82000001,83000000,0.127142
9,83000001,84000000,0.109348
9,84000001,85000000,0.050000
9,85000001,86000000,0.065293
9,86000001,87000000,0.126291
9,87000001,88000000,0.201645
9,88000001,89000000,0.170347
9,89000001,90000000,0.133253
9,90000001,91000000,0.125098
9,91000001,92000000,0.117589
9,92000001,93000000,0.119386
9,93000001,94000000,0.119265
9,94000001,95000000,0.119947
9,95000001,96000000,0.146468
9,96000001,97000000,0.214239
9,97000001,98000000,0.208834
9,98000001,99000000,0.201514
9,99000001,100000000,0.190632
9,100000001,101000000,0.120627
9,101000001,102000000,0.185931
9,102000001,103000000,0.247081
9,103000001,104000000,0.197670
9,104000001,105000000,0.167898
9,105000001,106000000,0.200849
9,106000001,107000000,0.187790
9,107000001,108000000,0.220251
9,108000001,109000000,0.147171
9,109000001,110000000,0.136907
9,110000001,111000000,0.144594
9,111000001,112000000,0.214576
9,112000001,113000000,0.188044
9,113000001,114000000,0.227299
9,114000001,115000000,0.191762
9,115000001,116000000,0.164455
9,116000001,117000000,0.129596
9,117000001,118000000,0.125777
9,118000001,119000000,0.075799
9,119000001,120000000,0.097050
9,120000001,121000000,0.090422
9,121000001,122000000,0.132500
9,122000001,123000000,0.173711
9,123000001,124000000,0.161241
9,124000001,125000000,0.188276
9,125000001,126000000,0.218013
9,126000001,127000000,0.168272
9,127000001,128000000,0.242130
9,128000001,129000000,0.287166
9,129000001,130000000,0.248278
9,130000001,131000000,0.183449
9,131000001,132000000,0.252012
9,132000001,133000000,0.191295
9,133000001,134000000,0.192281
9,134000001,135000000,0.244515
9,135000001,136000000,0.198289
9,136000001,137000000,0.194512
9,137000001,138000000,0.143925
9,138000001,139000000,0.072289
9,139000001,140000000,0.050000
9,140000001,141000000,0.076738
9,141000001,142000000,0.141244
9,142000001,143000000,0.110826
9,143000001,144000000,0.050000
9,144000001,145000000,0.050000
9,145000001,146000000,0.050000
9,146000001,147000000,0.076735
9,147000001,148000000,0.073738
9,148000001,149000000,0.068466
9,149000001,150000000,0.101660
9,150000001,150617247,0.067638
10,1,1000000,0.603765
10,1000001,2000000,0.681531
10,2000001,3000000,0.704828
10,3000001,4000000,0.638292
10,4000001,5000000,0.595233
10,5000001,6000000,0.636239
10,6000001,7000000,0.612433
10,7000001,8000000,0.660339
10,8000001,9000000,0.722097
10,9000001,10000000,0.793944
10,10000001,11000000,0.823591
10,11000001,12000000,0.803419
10,12000001,13000000,0.824047
10,13000001,14000000,0.860194
10,14000001,15000000,0.888941
10,15000001,16000000,0.861024
10,16000001,17000000,0.851377
10,17000001,18000000,0.891788
10,18000001,19000000,0.832387
10,19000001,20000000,0.818835
10,20000001,21000000,0.745293
10,21000001,22000000,0.816503
10,22000001,23000000,0.758821
10,23000001,24000000,0.783884
10,24000001,25000000,0.731991
10,25000001,26000000,0.714334
10,26000001,27000000,0.664037
10,27000001,28000000,0.679545
10,28000001,29000000,0.632863
10,29000001,30000000,0.624341
10,30000001,31000000,0.612636
10,31000001,32000000,0.676805
10,32000001,33000000,0.694546
10,33000001,34000000,0.626153
10,34000001,35000000,0.606593
10,35000001,36000000,0.631656
10,36000001,37000000,0.673850
10,37000001,38000000,0.605116
10,38000001,39000000,0.568682
10,39000001,40000000,0.579496
10,40000001,41000000,0.515398
10,41000001,42000000,0.517333
10,42000001,43000000,0.481965
10,43000001,44000000,0.550548
10,44000001,45000000,0.569472
10,45000001,46000000,0.585007
10,46000001,47000000,0.634641
10,47000001,48000000,0.704079
10,48000001,49000000,0.699404
10,49000001,50000000,0.729892
10,50000001,51000000,0.796578
10,51000001,52000000,0.791478
10,52000001,53000000,0.809221
10,53000001,54000000,0.870487
10,54000001,55000000,0.812271
10,55000001,56000000,0.789573
10,56000001,57000000,0.812260
10,57000001,58000000,0.733938
10,58000001,59000000,0.694527
10,59000001,60000000,0.632772
10,60000001,61000000,0.677642
10,61000001,62000000,0.647363
10,62000001,63000000,0.702993
10,63000001,64000000,0.772124
10,64000001,65000000,0.696943
10,65000001,66000000,0.746433
10,66000001,67000000,0.692120
10,67000001,68000000,0.738680
10,68000001,69000000,0.755554
10,69000001,70000000,0.826320
10,70000001,71000000,0.901477
10,71000001,72000000,0.870064
10,72000001,73000000,0.885665
10,73000001,74000000,0.948009
10,74000001,75000000,0.950000
10,75000001,76000000,0.950000
10,76000001,77000000,0.917559
10,77000001,78000000,0.950000
10,78000001,79000000,0.925991
10,79000001,80000000,0.861933
10,80000001,81000000,0.849732
10,81000001,82000000,0.846215
10,82000001,83000000,0.916309
10,83000001,84000000,0.921898
10,84000001,85000000,0.909568
10,85000001,86000000,0.864046
10,86000001,87000000,0.801775
10,87000001,88000000,0.816870
10,88000001,89000000,0.744297
10,89000001,90000000,0.739680
10,90000001,91000000,0.744181
10,91000001,92000000,0.806925
10,92000001,93000000,0.882758
10,93000001,94000000,0.934269
10,94000001,95000000,0.950000
10,95000001,96000000,0.946926
10,96000001,97000000,0.874016
10,97000001,98000000,0.947373
10,98000001,99000000,0.950000
10,99000001,100000000,0.950000
10,100000001,101000000,0.950000
10,101000001,102000000,0.950000
10,102000001,103000000,0.933528
10,103000001,104000000,0.950000
10,104000001,105000000,0.891531
10,105000001,106000000,0.873841
10,106000001,107000000,0.822695
10,107000001,108000000,0.833395
10,108000001,109000000,0.771764
10,109000001,110000000,0.763242
10,110000001,111000000,0.786475
10,111000001,112000000,0.778791
10,112000001,113000000,0.841237
10,113000001,114000000,0.877787
10,114000001,115000000,0.845379
10,115000001,116000000,0.883879
10,116000001,117000000,0.895559
10,117000001,118000000,0.950000
10,118000001,119000000,0.950000
10,119000001,120000000,0.950000
10,120000001,121000000,0.950000
10,121000001,122000000,0.950000
10,122000001,123000000,0.911937
10,123000001,124000000,0.883519
10,124000001,125000000,0.824800
10,125000001,126000000,0.901946
10,126000001,127000000,0.876760
10,127000001,128000000,0.800818
10,128000001,129000000,0.761936
10,129000001,130000000,0.719064
10,130000001,131000000,0.691444
10,131000001,132000000,0.757498
10,132000001,133000000,0.769784
10,133000001,134000000,0.757412
10,134000001,134758134,0.684410
11,1,1000000,0.331767
11,1000001,2000000,0.265996
11,2000001,3000000,0.256873
11,3000001,4000000,0.303944
11,4000001,5000000,0.288811
11,5000001,6000000,0.295929
11,6000001,7000000,0.311858
11,7000001,8000000,0.357620
11,8000001,9000000,0.339259
11,9000001,10000000,0.407767
11,10000001,11000000,0.343847
11,11000001,12000000,0.376904
11,12000001,13000000,0.366577
11,13000001,14000000,0.314942
11,14000001,15000000,0.380950
11,15000001,16000000,0.342811
11,16000001,17000000,0.280858
11,17000001,18000000,0.238592
11,18000001,19000000,0.210614
11,19000001,20000000,0.160318
11,20000001,21000000,0.156875
11,21000001,22000000,0.148918
11,22000001,23000000,0.101257
11,23000001,24000000,0.050000
11,24000001,25000000,0.050000
11,25000001,26000000,0.108792
11,26000001,27000000,0.126536
11,27000001,28000000,0.178520
11,28000001,29000000,0.255569
11,29000001,30000000,0.292487
11,30000001,31000000,0.359940
11,31000001,32000000,0.339448
11,32000001,33000000,0.308606
11,33000001,34000000,0.313816
11,34000001,35000000,0.320635
11,35000001,36000000,0.246425
11,36000001,37000000,0.178238
11,37000001,38000000,0.178994
11,38000001,39000000,0.106064
11,39000001,40000000,0.181969
11,40000001,41000000,0.123331
11,41000001,42000000,0.141207
11,42000001,43000000,0.177040
11,43000001,44000000,0.106612
11,44000001,45000000,0.086564
11,45000001,46000000,0.050000
11,46000001,47000000,0.118537
11,47000001,48000000,0.178515
11,48000001,49000000,0.178407
11,49000001,50000000,0.118636
11,50000001,51000000,0.076415
11,51000001,52000000,0.121336
11,52000001,53000000,0.066905
11,53000001,54000000,0.120490
11,54000001,55000000,0.125859
11,55000001,56000000,0.124104
11,56000001,57000000,0.147555
11,57000001,58000000,0.193359
11,58000001,59000000,0.119189
11,59000001,60000000,0.081978
11,60000001,61000000,0.138987
11,61000001,62000000,0.098742
11,62000001,63000000,0.168723
11,63000001,64000000,0.099516
11,64000001,65000000,0.050000
11,65000001,66000000,0.058527
11,66000001,67000000,0.050000
11,67000001,68000000,0.092097
11,68000001,69000000,0.151619
11,69000001,70000000,0.101838
11,70000001,71000000,0.085568
11,71000001,72000000,0.142419
11,72000001,73000000,0.067526
11,73000001,74000000,0.050000
11,74000001,75000000,0.050000
11,75000001,76000000,0.050000
11,76000001,77000000,0.070261
11,77000001,78000000,0.101478
11,78000001,79000000,0.082841
11,79000001,80000000,0.071356
11,80000001,81000000,0.050000
11,81000001,82000000,0.050000
11,82000001,83000000,0.050000
11,83000001,84000000,0.050000
11,84000001,85000000,0.060330
11,85000001,86000000,0.103956
11,86000001,87000000,0.061406
11,87000001,88000000,0.050000
11,88000001,89000000,0.050000
11,89000001,90000000,0.127561
11,90000001,91000000,0.050960
11,91000001,92000000,0.078536
11,92000001,93000000,0.124275
11,93000001,94000000,0.058597
11,94000001,95000000,0.050000
11,95000001,96000000,0.050000
11,96000001,97000000,0.050000
11,97000001,98000000,0.123481
11,98000001,99000000,0.111554
11,99000001,100000000,0.143430
11,100000001,101000000,0.103484
11,101000001,102000000,0.050000
11,102000001,103000000,0.076459
11,103000001,104000000,0.084842
11,104000001,105000000,0.050000
11,105000001,106000000,0.084936
11,106000001,107000000,0.117609
11,107000001,108000000,0.143018
11,108000001,109000000,0.198950
11,109000001,110000000,0.146639
11,110000001,111000000,0.099778
11,111000001,112000000,0.146115
11,112000001,113000000,0.120117
11,113000001,114000000,0.143098
11,114000001,115000000,0.144178
11,115000001,116000000,0.150582
11,116000001,117000000,0.173769
11,117000001,118000000,0.169762
11,118000001,119000000,0.149763
11,119000001,120000000,0.196288
11,120000001,121000000,0.248353
11,121000001,122000000,0.200948
11,122000001,123000000,0.213592
11,123000001,124000000,0.219512
11,124000001,125000000,0.156919
11,125000001,126000000,0.231373
11,126000001,127000000,0.178511
11,127000001,128000000,0.145582
11,128000001,129000000,0.163130
11,129000001,130000000,0.242800
11,130000001,131000000,0.210988
11,131000001,132000000,0.289562
11,132000001,133000000,0.349805
11,133000001,134000000,0.309311
11,134000001,135000000,0.355944
11,135000001,135127769,0.326711
12,1,1000000,0.484541
12,1000001,2000000,0.421150
12,2000001,3000000,0.492030
12,3000001,4000000,0.499933
12,4000001,5000000,0.550953
12,5000001,6000000,0.614223
12,6000001,7000000,0.660135
12,7000001,8000000,0.652205
12,8000001,9000000,0.692816
12,9000001,10000000,0.733949
12,10000001,11000000,0.748621
12,11000001,12000000,0.806640
12,12000001,13000000,0.746101
12,13000001,14000000,0.763934
12,14000001,15000000,0.796075
12,15000001,16000000,0.747070
12,16000001,17000000,0.762822
12,17000001,18000000,0.737190
12,18000001,19000000,0.680130
12,19000001,20000000,0.619034
12,20000001,21000000,0.643727
12,21000001,22000000,0.687043
12,22000001,23000000,0.731652
12,23000001,24000000,0.717365
12,24000001,25000000,0.715180
12,25000001,26000000,0.657589
12,26000001,27000000,0.678992
12,27000001,28000000,0.641146
12,28000001,29000000,0.578254
12,29000001,30000000,0.549553
12,30000001,31000000,0.535059
12,31000001,32000000,0.484409
12,32000001,33000000,0.544186
12,33000001,34000000,0.601586
12,34000001,35000000,0.539257
12,35000001,36000000,0.595487
12,36000001,37000000,0.623999
12,37000001,38000000,0.696995
12,38000001,39000000,0.733131
12,39000001,40000000,0.795726
12,40000001,41000000,0.856057
12,41000001,42000000,0.864120
12,42000001,43000000,0.829520
12,43000001,44000000,0.805241
12,44000001,45000000,0.825344
12,45000001,46000000,0.856637
12,46000001,47000000,0.817481
12,47000001,48000000,0.748405
12,48000001,49000000,0.721262
12,49000001,50000000,0.649867
12,50000001,51000000,0.694123
12,51000001,52000000,0.658025
12,52000001,53000000,0.582664
12,53000001,54000000,0.588360
12,54000001,55000000,0.627949
12,55000001,56000000,0.642631
12,56000001,57000000,0.716879
12,57000001,58000000,0.685178
12,58000001,59000000,0.707210
12,59000001,60000000,0.721602
12,60000001,61000000,0.791196
12,61000001,62000000,0.721464
12,62000001,63000000,0.742643
12,63000001,64000000,0.678985
12,64000001,65000000,0.599522
12,65000001,66000000,0.523459
12,66000001,67000000,0.574727
12,67000001,68000000,0.571334
12,68000001,69000000,0.533254
12,69000001,70000000,0.581070
12,70000001,71000000,0.605926
12,71000001,72000000,0.531360
12,72000001,73000000,0.590202
12,73000001,74000000,0.645947
12,74000001,75000000,0.688587
12,75000001,76000000,0.654024
12,76000001,77000000,0.688943
12,77000001,78000000,0.618981
12,78000001,79000000,0.622777
12,79000001,80000000,0.597856
12,80000001,81000000,0.658880
12,81000001,82000000,0.633003
12,82000001,83000000,0.672631
12,83000001,84000000,0.603003
12,84000001,85000000,0.539635
12,85000001,86000000,0.553263
12,86000001,87000000,0.535470
12,87000001,88000000,0.478460
12,88000001,89000000,0.405170
12,89000001,90000000,0.427919
12,90000001,91000000,0.411878
12,91000001,92000000,0.375716
12,92000001,93000000,0.296071
12,93000001,94000000,0.248355
12,94000001,95000000,0.173579
12,95000001,96000000,0.167203
12,96000001,97000000,0.132930
12,97000001,98000000,0.111138
12,98000001,99000000,0.079004
12,99000001,100000000,0.074838
12,100000001,101000000,0.067485
12,101000001,102000000,0.050000
12,102000001,103000000,0.050000
12,103000001,104000000,0.050000
12,104000001,105000000,0.050000
12,105000001,106000000,0.078793
12,106000001,107000000,0.112123
12,107000001,108000000,0.050000
12,108000001,109000000,0.129169
12,109000001,110000000,0.052306
12,110000001,111000000,0.109257
12,111000001,112000000,0.081015
12,112000001,113000000,0.050000
12,113000001,114000000,0.050000
12,114000001,115000000,0.050000
12,115000001,116000000,0.080356
12,116000001,117000000,0.050000
12,117000001,118000000,0.127159
12,118000001,119000000,0.065332
12,119000001,120000000,0.095647
12,120000001,121000000,0.095187
12,121000001,122000000,0.153566
12,122000001,123000000,0.215347
12,123000001,124000000,0.137437
12,124000001,125000000,0.129826
12,125000001,126000000,0.193554
12,126000001,127000000,0.133372
12,127000001,128000000,0.128294
12,128000001,129000000,0.069348
12,129000001,130000000,0.106943
12,130000001,131000000,0.159544
12,131000001,132000000,0.209124
12,132000001,133000000,0.174476
12,133000001,133324548,0.234213
13,1,1000000,0.302347
13,1000001,2000000,0.313295
13,2000001,3000000,0.272524
13,3000001,4000000,0.206618
13,4000001,5000000,0.156809
13,5000001,6000000,0.108170
13,6000001,7000000,0.183223
13,7000001,8000000,0.104025
13,8000001,9000000,0.127161
13,9000001,10000000,0.071975
13,10000001,11000000,0.050000
13,11000001,12000000,0.050000
13,12000001,13000000,0.070989
13,13000001,14000000,0.050000
13,14000001,15000000,0.050000
13,15000001,16000000,0.050000
13,16000001,17000000,0.050000
13,17000001,18000000,0.050000
13,18000001,19000000,0.050000
13,19000001,20000000,0.050000
13,20000001,21000000,0.124025
13,21000001,22000000,0.078244
13,22000001,23000000,0.130989
13,23000001,24000000,0.147453
13,24000001,25000000,0.218169
13,25000001,26000000,0.198914
13,26000001,27000000,0.176001
13,27000001,28000000,0.207389
13,28000001,29000000,0.194032
13,29000001,30000000,0.221542
13,30000001,31000000,0.219470
13,31000001,32000000,0.232716
13,32000001,33000000,0.252817
13,33000001,34000000,0.246280
13,34000001,35000000,0.210207
13,35000001,36000000,0.177365
13,36000001,37000000,0.244960
13,37000001,38000000,0.182712
13,38000001,39000000,0.109162
13,39000001,40000000,0.160058
13,40000001,41000000,0.235033
13,41000001,42000000,0.175560
13,42000001,43000000,0.228770
13,43000001,44000000,0.279999
13,44000001,45000000,0.251794
13,45000001,46000000,0.230255
13,46000001,47000000,0.259432
13,47000001,48000000,0.275269
13,48000001,49000000,0.200423
13,49000001,50000000,0.241612
13,50000001,51000000,0.201244
13,51000001,52000000,0.270437
13,52000001,53000000,0.236781
13,53000001,54000000,0.200483
13,54000001,55000000,0.155537
13,55000001,56000000,0.099680
13,56000001,57000000,0.163068
13,57000001,58000000,0.154622
13,58000001,59000000,0.129570
13,59000001,60000000,0.128111
13,60000001,61000000,0.119335
13,61000001,62000000,0.190938
13,62000001,63000000,0.154281
13,63000001,64000000,0.201793
13,64000001,65000000,0.179403
13,65000001,66000000,0.147057
13,66000001,67000000,0.101463
13,67000001,68000000,0.050000
13,68000001,69000000,0.062479
13,69000001,70000000,0.050000
13,70000001,71000000,0.082140
13,71000001,72000000,0.050000
13,72000001,73000000,0.050000
13,73000001,74000000,0.050000
13,74000001,75000000,0.086485
13,75000001,76000000,0.081816
13,76000001,77000000,0.050000
13,77000001,78000000,0.050000
13,78000001,79000000,0.111015
13,79000001,80000000,0.134680
13,80000001,81000000,0.139208
13,81000001,82000000,0.113629
13,82000001,83000000,0.171200
13,83000001,84000000,0.191815
13,84000001,85000000,0.211344
13,85000001,86000000,0.141126
13,86000001,87000000,0.198648
13,87000001,88000000,0.256483
13,88000001,89000000,0.222448
13,89000001,90000000,0.201206
13,90000001,91000000,0.190138
13,91000001,92000000,0.134206
13,92000001,93000000,0.120130
13,93000001,94000000,0.192908
13,94000001,95000000,0.166810
13,95000001,96000000,0.241205
13,96000001,97000000,0.275727
13,97000001,98000000,0.216192
13,98000001,99000000,0.169587
13,99000001,100000000,0.149366
13,100000001,101000000,0.137885
13,101000001,102000000,0.203387
13,102000001,103000000,0.244902
13,103000001,104000000,0.230028
13,104000001,105000000,0.210567
13,105000001,106000000,0.184834
13,106000001,107000000,0.158846
13,107000001,108000000,0.101980
13,108000001,109000000,0.074780
13,109000001,110000000,0.050000
13,110000001,111000000,0.050000
13,111000001,112000000,0.050000
13,112000001,113000000,0.073972
13,113000001,113566686,0.062175
14,1,1000000,0.590039
14,1000001,2000000,0.567124
14,2000001,3000000,0.570111
14,3000001,4000000,0.539924
14,4000001,5000000,0.481501
14,5000001,6000000,0.477450
14,6000001,7000000,0.465349
14,7000001,8000000,0.438252
14,8000001,9000000,0.445335
14,9000001,10000000,0.505094
14,10000001,11000000,0.470764
14,11000001,12000000,0.412080
14,12000001,13000000,0.411567
14,13000001,14000000,0.458333
14,14000001,15000000,0.436397
14,15000001,16000000,0.363116
14,16000001,17000000,0.392927
14,17000001,18000000,0.436527
14,18000001,19000000,0.397085
14,19000001,20000000,0.383609
14,20000001,21000000,0.442814
14,21000001,22000000,0.368725
14,22000001,23000000,0.438864
14,23000001,24000000,0.392724
14,24000001,25000000,0.453509
14,25000001,26000000,0.490329
14,26000001,27000000,0.522215
14,27000001,28000000,0.503655
14,28000001,29000000,0.532352
14,29000001,30000000,0.490054
14,30000001,31000000,0.487334
14,31000001,32000000,0.457453
14,32000001,33000000,0.455192
14,33000001,34000000,0.518899
14,34000001,35000000,0.580333
14,35000001,36000000,0.527247
14,36000001,37000000,0.546901
14,37000001,38000000,0.554396
14,38000001,39000000,0.517273
14,39000001,40000000,0.521925
14,40000001,41000000,0.495895
14,41000001,42000000,0.443231
14,42000001,43000000,0.486540
14,43000001,44000000,0.534375
14,44000001,45000000,0.562274
14,45000001,46000000,0.504187
14,46000001,47000000,0.509130
14,47000001,48000000,0.576804
14,48000001,49000000,0.593575
14,49000001,50000000,0.606953
14,50000001,51000000,0.609049
14,51000001,52000000,0.627868
14,52000001,53000000,0.695659
14,53000001,54000000,0.644468
14,54000001,55000000,0.704757
14,55000001,56000000,0.724492
14,56000001,57000000,0.678835
14,57000001,58000000,0.607227
14,58000001,59000000,0.581720
14,59000001,60000000,0.607632
14,60000001,61000000,0.598630
14,61000001,62000000,0.674915
14,62000001,63000000,0.596727
14,63000001,64000000,0.538932
14,64000001,65000000,0.536652
14,65000001,66000000,0.512533
14,66000001,67000000,0.571303
14,67000001,68000000,0.504593
14,68000001,69000000,0.490393
14,69000001,70000000,0.436205
14,70000001,71000000,0.399430
14,71000001,72000000,0.361458
14,72000001,73000000,0.348675
14,73000001,74000000,0.306169
14,74000001,75000000,0.359098
14,75000001,76000000,0.314074
14,76000001,77000000,0.362510
14,77000001,78000000,0.416540
14,78000001,79000000,0.466820
14,79000001,80000000,0.485158
14,80000001,81000000,0.498116
14,81000001,82000000,0.526018
14,82000001,83000000,0.545703
14,83000001,84000000,0.578751
14,84000001,85000000,0.559880
14,85000001,86000000,0.636197
14,86000001,87000000,0.679651
14,87000001,88000000,0.666730
14,88000001,89000000,0.734433
14,89000001,90000000,0.659519
14,90000001,91000000,0.631438
14,91000001,92000000,0.596388
14,92000001,93000000,0.610954
14,93000001,94000000,0.668006
14,94000001,95000000,0.668357
14,95000001,96000000,0.631065
14,96000001,97000000,0.574099
14,97000001,98000000,0.529254
14,98000001,99000000,0.566712
14,99000001,100000000,0.548830
14,100000001,101000000,0.534827
14,101000001,101161492,0.584654
15,1,1000000,0.444102
15,1000001,2000000,0.480018
15,2000001,3000000,0.546677
15,3000001,4000000,0.583249
15,4000001,5000000,0.618052
15,5000001,6000000,0.660924
15,6000001,7000000,0.729694
15,7000001,8000000,0.795335
15,8000001,9000000,0.837910
15,9000001,10000000,0.790682
15,10000001,11000000,0.749221
15,11000001,12000000,0.827247
15,12000001,13000000,0.837258
15,13000001,14000000,0.796963
15,14000001,15000000,0.844505
15,15000001,16000000,0.829254
15,16000001,17000000,0.813369
15,17000001,18000000,0.851720
15,18000001,19000000,0.884883
15,19000001,20000000,0.891937
15,20000001,21000000,0.819683
15,21000001,22000000,0.807615
15,22000001,23000000,0.746483
15,23000001,24000000,0.704792
15,24000001,25000000,0.775387
15,25000001,26000000,0.785969
15,26000001,27000000,0.755747
15,27000001,28000000,0.733191
15,28000001,29000000,0.715644
15,29000001,30000000,0.749051
15,30000001,31000000,0.688522
15,31000001,32000000,0.689753
15,32000001,33000000,0.726484
15,33000001,34000000,0.668464
15,34000001,35000000,0.738074
15,35000001,36000000,0.763919
15,36000001,37000000,0.695917
15,37000001,38000000,0.692430
15,38000001,39000000,0.736611
15,39000001,40000000,0.673349
15,40000001,41000000,0.595392
15,41000001,42000000,0.626108
15,42000001,43000000,0.690494
15,43000001,44000000,0.653884
15,44000001,45000000,0.578227
15,45000001,46000000,0.573173
15,46000001,47000000,0.615760
15,47000001,48000000,0.577598
15,48000001,49000000,0.641807
15,49000001,50000000,0.657916
15,50000001,51000000,0.582467
15,51000001,52000000,0.593010
15,52000001,53000000,0.655949
15,53000001,54000000,0.590114
15,54000001,55000000,0.600065
15,55000001,56000000,0.569632
15,56000001,57000000,0.541609
15,57000001,58000000,0.582473
15,58000001,59000000,0.549710
15,59000001,60000000,0.618930
15,60000001,61000000,0.695273
15,61000001,62000000,0.677116
15,62000001,63000000,0.674826
15,63000001,64000000,0.738304
15,64000001,65000000,0.814384
15,65000001,66000000,0.796218
15,66000001,67000000,0.779832
15,67000001,68000000,0.830446
15,68000001,69000000,0.831984
15,69000001,70000000,0.788172
15,70000001,71000000,0.791724
15,71000001,72000000,0.756040
15,72000001,73000000,0.715589
15,73000001,74000000,0.746263
15,74000001,75000000,0.776965
15,75000001,76000000,0.740345
15,76000001,77000000,0.696716
15,77000001,78000000,0.617894
15,78000001,79000000,0.592355
15,79000001,80000000,0.560272
15,80000001,81000000,0.580821
15,81000001,82000000,0.514411
15,82000001,83000000,0.450017
15,83000001,84000000,0.471866
15,84000001,85000000,0.436957
15,85000001,86000000,0.416058
15,86000001,87000000,0.379862
15,87000001,88000000,0.384898
15,88000001,89000000,0.329764
15,89000001,90000000,0.251094
15,90000001,91000000,0.197737
15,91000001,92000000,0.124025
15,92000001,93000000,0.111363
15,93000001,94000000,0.109409
15,94000001,95000000,0.124613
15,95000001,96000000,0.050000
15,96000001,97000000,0.089392
15,97000001,98000000,0.050000
15,98000001,99000000,0.050000
15,99000001,99753195,0.103230
16,1,1000000,0.548546
16,1000001,2000000,0.568051
16,2000001,3000000,0.590496
16,3000001,4000000,0.648279
16,4000001,5000000,0.676571
16,5000001,6000000,0.676977
16,6000001,7000000,0.717255
16,7000001,8000000,0.645282
16,8000001,9000000,0.694098
16,9000001,10000000,0.689997
16,10000001,11000000,0.699022
16,11000001,12000000,0.733457
16,12000001,13000000,0.720038
16,13000001,14000000,0.728725
16,14000001,15000000,0.805177
16,15000001,16000000,0.827509
16,16000001,17000000,0.888720
16,17000001,18000000,0.950000
16,18000001,19000000,0.929775
16,19000001,20000000,0.918477
16,20000001,21000000,0.950000
16,21000001,22000000,0.874229
16,22000001,23000000,0.801357
16,23000001,24000000,0.795946
16,24000001,25000000,0.798235
16,25000001,26000000,0.816858
16,26000001,27000000,0.832871
16,27000001,28000000,0.846604
16,28000001,29000000,0.781341
16,29000001,30000000,0.704787
16,30000001,31000000,0.681861
16,31000001,32000000,0.667730
16,32000001,33000000,0.683918
16,33000001,34000000,0.692636
16,34000001,35000000,0.677273
16,35000001,36000000,0.650777
16,36000001,37000000,0.658140
16,37000001,38000000,0.726141
16,38000001,39000000,0.757297
16,39000001,40000000,0.690445
16,40000001,41000000,0.665707
16,41000001,42000000,0.617486
16,42000001,43000000,0.577506
16,43000001,44000000,0.514417
16,44000001,45000000,0.457058
16,45000001,46000000,0.460607
16,46000001,47000000,0.432940
16,47000001,48000000,0.441047
16,48000001,49000000,0.494786
16,49000001,50000000,0.513072
16,50000001,51000000,0.577790
16,51000001,52000000,0.541026
16,52000001,53000000,0.526019
16,53000001,54000000,0.545611
16,54000001,55000000,0.527270
16,55000001,56000000,0.490697
16,56000001,57000000,0.525641
16,57000001,58000000,0.595754
16,58000001,59000000,0.534274
16,59000001,60000000,0.606019
16,60000001,61000000,0.567337
16,61000001,62000000,0.639321
16,62000001,63000000,0.641204
16,63000001,64000000,0.679977
16,64000001,65000000,0.757161
16,65000001,66000000,0.706211
16,66000001,67000000,0.748131
16,67000001,68000000,0.788953
16,68000001,69000000,0.767209
16,69000001,70000000,0.844695
16,70000001,71000000,0.807971
16,71000001,72000000,0.857526
16,72000001,73000000,0.931506
16,73000001,74000000,0.950000
16,74000001,75000000,0.950000
16,75000001,76000000,0.904016
16,76000001,77000000,0.950000
16,77000001,78000000,0.949151
16,78000001,79000000,0.934715
16,79000001,80000000,0.934833
16,80000001,81000000,0.897350
16,81000001,82000000,0.835549
16,82000001,83000000,0.761271
16,83000001,84000000,0.799412
16,84000001,85000000,0.854260
16,85000001,86000000,0.854098
16,86000001,87000000,0.787392
16,87000001,88000000,0.730804
16,88000001,89000000,0.677045
16,89000001,90000000,0.732311
16,90000001,91000000,0.777521
16,91000001,92000000,0.833180
16,92000001,93000000,0.780467
16,93000001,94000000,0.858157
16,94000001,95000000,0.876343
16,95000001,96000000,0.879453
16,96000001,96330374,0.899415
17,1,1000000,0.650531
17,1000001,2000000,0.655402
17,2000001,3000000,0.650420
17,3000001,4000000,0.608065
17,4000001,5000000,0.654816
17,5000001,6000000,0.617125
17,6000001,7000000,0.652927
17,7000001,8000000,0.578853
17,8000001,9000000,0.577172
17,9000001,10000000,0.547606
17,10000001,11000000,0.511574
17,11000001,12000000,0.516893
17,12000001,13000000,0.593067
17,13000001,14000000,0.610904
17,14000001,15000000,0.686578
17,15000001,16000000,0.754704
17,16000001,17000000,0.754050
17,17000001,18000000,0.773154
17,18000001,19000000,0.721059
17,19000001,20000000,0.771181
17,20000001,21000000,0.714234
17,21000001,22000000,0.726613
17,22000001,23000000,0.665146
17,23000001,24000000,0.728931
17,24000001,25000000,0.728916
17,25000001,26000000,0.655264
17,26000001,27000000,0.722362
17,27000001,28000000,0.650082
17,28000001,29000000,0.685563
17,29000001,30000000,0.683093
17,30000001,31000000,0.756575
17,31000001,32000000,0.810813
17,32000001,33000000,0.808421
17,33000001,34000000,0.745029
17,34000001,35000000,0.732478
17,35000001,36000000,0.719230
17,36000001,37000000,0.670962
17,37000001,38000000,0.633719
17,38000001,39000000,0.655502
17,39000001,40000000,0.663496
17,40000001,41000000,0.584109
17,41000001,42000000,0.651196
17,42000001,43000000,0.604800
17,43000001,44000000,0.632911
17,44000001,45000000,0.693407
17,45000001,46000000,0.617490
17,46000001,47000000,0.540492
17,47000001,48000000,0.512078
17,48000001,49000000,0.442607
17,49000001,50000000,0.434807
17,50000001,51000000,0.467462
17,51000001,52000000,0.444925
17,52000001,53000000,0.391944
17,53000001,54000000,0.465023
17,54000001,55000000,0.432142
17,55000001,56000000,0.385677
17,56000001,57000000,0.332760
17,57000001,58000000,0.379666
17,58000001,59000000,0.371769
17,59000001,60000000,0.414432
17,60000001,61000000,0.428191
17,61000001,62000000,0.416303
17,62000001,63000000,0.413515
17,63000001,64000000,0.348356
17,64000001,65000000,0.346906
17,65000001,66000000,0.378099
17,66000001,67000000,0.428997
17,67000001,68000000,0.469649
17,68000001,69000000,0.430067
17,69000001,70000000,0.473924
17,70000001,71000000,0.410175
17,71000001,72000000,0.442358
17,72000001,73000000,0.460041
17,73000001,74000000,0.440001
17,74000001,75000000,0.438348
17,75000001,76000000,0.367675
17,76000001,77000000,0.301297
17,77000001,78000000,0.257347
17,78000001,79000000,0.239273
17,79000001,80000000,0.174174
17,80000001,81000000,0.135472
17,81000001,82000000,0.071378
17,82000001,83000000,0.114245
17,83000001,84000000,0.188770
17,84000001,84276897,0.163403
18,1,1000000,0.627892
18,1000001,2000000,0.658581
18,2000001,3000000,0.647188
18,3000001,4000000,0.684676
18,4000001,5000000,0.609374
18,5000001,6000000,0.682984
18,6000001,7000000,0.737215
18,7000001,8000000,0.800136
18,8000001,9000000,0.838205
18,9000001,10000000,0.883486
18,10000001,11000000,0.920515
18,11000001,12000000,0.943798
18,12000001,13000000,0.895213
18,13000001,14000000,0.950000
18,14000001,15000000,0.913258
18,15000001,16000000,0.950000
18,16000001,17000000,0.921890
18,17000001,18000000,0.842394
18,18000001,19000000,0.803900
18,19000001,20000000,0.841694
18,20000001,21000000,0.810675
18,21000001,22000000,0.782481
18,22000001,23000000,0.717589
18,23000001,24000000,0.791842
18,24000001,25000000,0.713056
18,25000001,26000000,0.788567
18,26000001,27000000,0.821061
18,27000001,28000000,0.844392
18,28000001,29000000,0.781843
18,29000001,30000000,0.795552
18,30000001,31000000,0.749576
18,31000001,32000000,0.779680
18,32000001,33000000,0.822566
18,33000001,34000000,0.787147
18,34000001,35000000,0.832518
18,35000001,36000000,0.807140
18,36000001,37000000,0.859959
18,37000001,38000000,0.810013
18,38000001,39000000,0.842807
18,39000001,40000000,0.911492
18,40000001,41000000,0.864535
18,41000001,42000000,0.902752
18,42000001,43000000,0.848562
18,43000001,44000000,0.919608
18,44000001,45000000,0.950000
18,45000001,46000000,0.948147
18,46000001,47000000,0.916185
18,47000001,48000000,0.950000
18,48000001,49000000,0.929988
18,49000001,50000000,0.950000
18,50000001,51000000,0.897965
18,51000001,52000000,0.898315
18,52000001,53000000,0.840705
18,53000001,54000000,0.898978
18,54000001,55000000,0.864784
18,55000001,56000000,0.873373
18,56000001,57000000,0.866557
18,57000001,58000000,0.891839
18,58000001,59000000,0.814772
18,59000001,60000000,0.875144
18,60000001,61000000,0.917316
18,61000001,62000000,0.889060
18,62000001,63000000,0.845388
18,63000001,64000000,0.771708
18,64000001,65000000,0.722207
18,65000001,66000000,0.733790
18,66000001,67000000,0.775961
18,67000001,68000000,0.750532
18,68000001,69000000,0.779467
18,69000001,70000000,0.770097
18,70000001,71000000,0.697237
18,71000001,72000000,0.704565
18,72000001,73000000,0.681623
18,73000001,74000000,0.640833
18,74000001,75000000,0.646970
18,75000001,76000000,0.604835
18,76000001,77000000,0.618048
18,77000001,78000000,0.542426
18,78000001,79000000,0.591224
18,79000001,80000000,0.527116
18,80000001,80542538,0.516549
19,1,1000000,0.733061
19,1000001,2000000,0.702684
19,2000001,3000000,0.736993
19,3000001,4000000,0.806787
19,4000001,5000000,0.728811
19,5000001,6000000,0.717402
19,6000001,7000000,0.739834
19,7000001,8000000,0.721962
19,8000001,9000000,0.704916
19,9000001,10000000,0.672254
19,10000001,11000000,0.675211
19,11000001,12000000,0.706898
19,12000001,13000000,0.769332
19,13000001,14000000,0.703765
19,14000001,15000000,0.758094
19,15000001,16000000,0.720338
19,16000001,17000000,0.767270
19,17000001,18000000,0.729791
19,18000001,19000000,0.662445
19,19000001,20000000,0.741047
19,20000001,21000000,0.721824
19,21000001,22000000,0.789354
19,22000001,23000000,0.768453
19,23000001,24000000,0.710763
19,24000001,25000000,0.711055
19,25000001,26000000,0.744005
19,26000001,27000000,0.694971
19,27000001,28000000,0.653450
19,28000001,29000000,0.699609
19,29000001,30000000,0.739700
19,30000001,31000000,0.779848
19,31000001,32000000,0.842539
19,32000001,33000000,0.854765
19,33000001,34000000,0.794010
19,34000001,35000000,0.834916
19,35000001,36000000,0.808950
19,36000001,37000000,0.831462
19,37000001,38000000,0.820335
19,38000001,39000000,0.767316
19,39000001,40000000,0.828950
19,40000001,41000000,0.782793
19,41000001,42000000,0.713036
19,42000001,43000000,0.787075
19,43000001,44000000,0.763402
19,44000001,45000000,0.782979
19,45000001,46000000,0.751702
19,46000001,47000000,0.723707
19,47000001,48000000,0.736037
19,48000001,49000000,0.752140
19,49000001,50000000,0.749683
19,50000001,51000000,0.755907
19,51000001,52000000,0.745479
19,52000001,53000000,0.736766
19,53000001,54000000,0.689803
19,54000001,55000000,0.611465
19,55000001,56000000,0.619633
19,56000001,57000000,0.637497
19,57000001,58000000,0.598034
19,58000001,59000000,0.544470
19,59000001,60000000,0.576660
19,60000001,61000000,0.543588
19,61000001,61707364,0.504207
20,1,1000000,0.513155
20,1000001,2000000,0.510750
20,2000001,3000000,0.483815
20,3000001,4000000,0.405140
20,4000001,5000000,0.464437
20,5000001,6000000,0.409003
20,6000001,7000000,0.479358
20,7000001,8000000,0.557914
20,8000001,9000000,0.510757
20,9000001,10000000,0.550003
20,10000001,11000000,0.487243
20,11000001,12000000,0.423379
20,12000001,13000000,0.476206
20,13000001,14000000,0.421075
20,14000001,15000000,0.396236
20,15000001,16000000,0.325498
20,16000001,17000000,0.364129
20,17000001,18000000,0.426815
20,18000001,19000000,0.421824
20,19000001,20000000,0.424817
20,20000001,21000000,0.449747
20,21000001,22000000,0.515431
20,22000001,23000000,0.496851
20,23000001,24000000,0.533324
20,24000001,25000000,0.606978
20,25000001,26000000,0.686806
20,26000001,27000000,0.757907
20,27000001,28000000,0.793510
20,28000001,29000000,0.802674
20,29000001,30000000,0.795214
20,30000001,31000000,0.816789
20,31000001,32000000,0.856455
20,32000001,33000000,0.911691
20,33000001,34000000,0.950000
20,34000001,35000000,0.950000
20,35000001,36000000,0.945353
20,36000001,37000000,0.929276
20,37000001,38000000,0.950000
20,38000001,39000000,0.882042
20,39000001,40000000,0.942693
20,40000001,41000000,0.888132
20,41000001,42000000,0.887844
20,42000001,43000000,0.877878
20,43000001,44000000,0.902927
20,44000001,45000000,0.950000
20,45000001,46000000,0.950000
20,46000001,47000000,0.889789
20,47000001,48000000,0.870076
20,48000001,49000000,0.841360
20,49000001,50000000,0.782127
20,50000001,51000000,0.757823
20,51000001,52000000,0.722280
20,52000001,53000000,0.705228
20,53000001,54000000,0.733738
20,54000001,55000000,0.757121
20,55000001,56000000,0.747314
20,56000001,57000000,0.790220
20,57000001,58000000,0.754769
20,58000001,59000000,0.821081
20,59000001,60000000,0.822077
20,60000001,61000000,0.761532
20,61000001,62000000,0.708712
20,62000001,63000000,0.661294
20,63000001,64000000,0.707376
20,64000001,65000000,0.683221
20,65000001,66000000,0.710658
20,66000001,66210255,0.642709
21,1,1000000,0.584861
21,1000001,2000000,0.541989
21,2000001,3000000,0.521949
21,3000001,4000000,0.490532
21,4000001,5000000,0.478271
21,5000001,6000000,0.443132
21,6000001,7000000,0.520037
21,7000001,8000000,0.472480
21,8000001,9000000,0.420367
21,9000001,10000000,0.387613
21,10000001,11000000,0.343141
21,11000001,12000000,0.267544
21,12000001,13000000,0.195822
21,13000001,14000000,0.209882
21,14000001,15000000,0.271781
21,15000001,16000000,0.328512
21,16000001,17000000,0.382016
21,17000001,18000000,0.381268
21,18000001,19000000,0.459975
21,19000001,20000000,0.436570
21,20000001,21000000,0.434419
21,21000001,22000000,0.458225
21,22000001,23000000,0.403840
21,23000001,24000000,0.473113
21,24000001,25000000,0.412860
21,25000001,26000000,0.343034
21,26000001,27000000,0.418378
21,27000001,28000000,0.400462
21,28000001,29000000,0.466450
21,29000001,30000000,0.464638
21,30000001,31000000,0.522178
21,31000001,32000000,0.566348
21,32000001,33000000,0.598401
21,33000001,34000000,0.567889
21,34000001,35000000,0.609828
21,35000001,36000000,0.655261
21,36000001,37000000,0.694645
21,37000001,38000000,0.740191
21,38000001,39000000,0.744580
21,39000001,40000000,0.731292
21,40000001,41000000,0.700684
21,41000001,42000000,0.670788
21,42000001,43000000,0.715822
21,43000001,44000000,0.757571
21,44000001,45000000,0.799394
21,45000001,45090682,0.838481
22,1,1000000,0.652171
22,1000001,2000000,0.703086
22,2000001,3000000,0.655092
22,3000001,4000000,0.624556
22,4000001,5000000,0.574086
22,5000001,6000000,0.541813
22,6000001,7000000,0.545305
22,7000001,8000000,0.612805
22,8000001,9000000,0.560133
22,9000001,10000000,0.497163
22,10000001,11000000,0.563810
22,11000001,12000000,0.610734
22,12000001,13000000,0.606066
22,13000001,14000000,0.602066
22,14000001,15000000,0.537816
22,15000001,16000000,0.577998
22,16000001,17000000,0.600265
22,17000001,18000000,0.628206
22,18000001,19000000,0.596233
22,19000001,20000000,0.671304
22,20000001,21000000,0.615672
22,21000001,22000000,0.687211
22,22000001,23000000,0.612711
22,23000001,24000000,0.675489
22,24000001,25000000,0.718571
22,25000001,26000000,0.763384
22,26000001,27000000,0.820663
22,27000001,28000000,0.895709
22,28000001,29000000,0.942676
22,29000001,30000000,0.950000
22,30000001,31000000,0.950000
22,31000001,32000000,0.950000
22,32000001,33000000,0.883929
22,33000001,34000000,0.886896
22,34000001,35000000,0.828467
22,35000001,36000000,0.787659
22,36000001,37000000,0.857212
22,37000001,38000000,0.903175
22,38000001,39000000,0.950000
22,39000001,40000000,0.950000
22,40000001,41000000,0.950000
22,41000001,42000000,0.950000
22,42000001,43000000,0.950000
22,43000001,44000000,0.950000
22,44000001,45000000,0.950000
22,45000001,46000000,0.917010
22,46000001,47000000,0.855375
22,47000001,48000000,0.841340
22,48000001,49000000,0.821102
22,49000001,50000000,0.794171
22,50000001,51000000,0.794815
22,51000001,51324926,0.742752
X,1,1000000,0.664500
X,1000001,2000000,0.620102
X,2000001,3000000,0.629137
X,3000001,4000000,0.674150
X,4000001,5000000,0.714434
X,5000001,6000000,0.710079
X,6000001,7000000,0.691251
X,7000001,8000000,0.718958
X,8000001,9000000,0.724949
X,9000001,10000000,0.671351
X,10000001,11000000,0.686104
X,11000001,12000000,0.659300
X,12000001,13000000,0.662301
X,13000001,14000000,0.731097
X,14000001,15000000,0.761454
X,15000001,16000000,0.796726
X,16000001,17000000,0.727177
X,17000001,18000000,0.746188
X,18000001,19000000,0.667072
X,19000001,20000000,0.698871
X,20000001,21000000,0.654714
X,21000001,22000000,0.653196
X,22000001,23000000,0.680306
X,23000001,24000000,0.618967
X,24000001,25000000,0.613193
X,25000001,26000000,0.632871
X,26000001,27000000,0.658304
X,27000001,28000000,0.626936
X,28000001,29000000,0.606021
X,29000001,30000000,0.656516
X,30000001,31000000,0.722540
X,31000001,32000000,0.678535
X,32000001,33000000,0.657137
X,33000001,34000000,0.618501
X,34000001,35000000,0.597761
X,35000001,36000000,0.656170
X,36000001,37000000,0.605631
X,37000001,38000000,0.647749
X,38000001,39000000,0.718384
X,39000001,40000000,0.788347
X,40000001,41000000,0.843768
X,41000001,42000000,0.923379
X,42000001,43000000,0.914095
X,43000001,44000000,0.885299
X,44000001,45000000,0.903221
X,45000001,46000000,0.950000
X,46000001,47000000,0.878851
X,47000001,48000000,0.896886
X,48000001,49000000,0.852755
X,49000001,50000000,0.797873
X,50000001,51000000,0.772097
X,51000001,52000000,0.723919
X,52000001,53000000,0.779771
X,53000001,54000000,0.718272
X,54000001,55000000,0.775500
X,55000001,56000000,0.730048
X,56000001,57000000,0.791858
X,57000001,58000000,0.816171
X,58000001,59000000,0.818125
X,59000001,60000000,0.780832
X,60000001,61000000,0.761559
X,61000001,62000000,0.808943
X,62000001,63000000,0.755345
X,63000001,64000000,0.791668
X,64000001,65000000,0.802865
X,65000001,66000000,0.772506
X,66000001,67000000,0.785296
X,67000001,68000000,0.855000
X,68000001,69000000,0.919754
X,69000001,70000000,0.949666
X,70000001,71000000,0.946468
X,71000001,72000000,0.950000
X,72000001,73000000,0.950000
X,73000001,74000000,0.939285
X,74000001,75000000,0.886617
X,75000001,76000000,0.911120
X,76000001,77000000,0.950000
X,77000001,78000000,0.950000
X,78000001,79000000,0.892835
X,79000001,80000000,0.839831
X,80000001,81000000,0.876360
X,81000001,82000000,0.802136
X,82000001,83000000,0.746785
X,83000001,84000000,0.765486
X,84000001,85000000,0.774790
X,85000001,86000000,0.707655
X,86000001,87000000,0.675551
X,87000001,88000000,0.679458
X,88000001,89000000,0.608174
X,89000001,90000000,0.575077
X,90000001,91000000,0.509571
X,91000001,92000000,0.431761
X,92000001,93000000,0.473181
X,93000001,94000000,0.468061
X,94000001,95000000,0.468114
X,95000001,96000000,0.481959
X,96000001,97000000,0.477649
X,97000001,98000000,0.492174
X,98000001,99000000,0.435105
X,99000001,100000000,0.494034
X,100000001,101000000,0.424420
X,101000001,102000000,0.348290
X,102000001,103000000,0.416798
X,103000001,104000000,0.474949
X,104000001,105000000,0.500665
X,105000001,106000000,0.525872
X,106000001,107000000,0.465654
X,107000001,108000000,0.439194
X,108000001,109000000,0.446366
X,109000001,110000000,0.474411
X,110000001,111000000,0.524587
X,111000001,112000000,0.509930
X,112000001,113000000,0.544015
X,113000001,114000000,0.608983
X,114000001,115000000,0.634727
X,115000001,116000000,0.694338
X,116000001,117000000,0.664151
X,117000001,118000000,0.691984
X,118000001,119000000,0.622865
X,119000001,120000000,0.627856
X,120000001,121000000,0.570992
X,121000001,122000000,0.511738
X,122000001,123000000,0.436564
X,123000001,124000000,0.469257
X,124000001,125000000,0.456701
X,125000001,126000000,0.491784
X,126000001,127000000,0.448802
X,127000001,128000000,0.415802
X,128000001,129000000,0.423267
X,129000001,130000000,0.396625
X,130000001,131000000,0.405318
X,131000001,132000000,0.327320
X,132000001,133000000,0.339197
X,133000001,134000000,0.384024
X,134000001,135000000,0.334982
X,135000001,136000000,0.267402
X,136000001,137000000,0.194718
X,137000001,138000000,0.254587
X,138000001,139000000,0.209408
X,139000001,140000000,0.266504
X,140000001,141000000,0.209973
X,141000001,142000000,0.227017
X,142000001,143000000,0.304722
X,143000001,144000000,0.246914
X,144000001,145000000,0.266782
X,145000001,146000000,0.309703
X,146000001,147000000,0.260024
X,147000001,148000000,0.269641
X,148000001,149000000,0.306998
X,149000001,150000000,0.361282
X,150000001,151000000,0.351852
X,151000001,152000000,0.401965
X,152000001,153000000,0.449282
X,153000001,154000000,0.404704
X,154000001,154259566,0.466166
Y,1,1000000,0.424526
Y,1000001,2000000,0.424224
Y,2000001,3000000,0.480699
Y,3000001,4000000,0.476542
Y,4000001,5000000,0.420299
Y,5000001,6000000,0.390659
Y,6000001,7000000,0.411992
Y,7000001,8000000,0.375749
Y,8000001,9000000,0.309547
Y,9000001,10000000,0.253456
Y,10000001,11000000,0.322273
Y,11000001,12000000,0.323447
Y,12000001,13000000,0.374965
Y,13000001,14000000,0.426434
Y,14000001,15000000,0.394496
Y,15000001,16000000,0.322848
Y,16000001,17000000,0.317060
Y,17000001,18000000,0.381448
Y,18000001,19000000,0.348761
Y,19000001,20000000,0.398463
Y,20000001,21000000,0.367745
Y,21000001,22000000,0.342782
Y,22000001,23000000,0.306517
Y,23000001,24000000,0.308560
Y,24000001,25000000,0.258056
Y,25000001,26000000,0.258791
Y,26000001,27000000,0.207414
Y,27000001,28000000,0.184776
Y,28000001,29000000,0.110955
Y,29000001,30000000,0.068070
Y,30000001,31000000,0.050000
Y,31000001,32000000,0.106179
Y,32000001,33000000,0.176159
Y,33000001,34000000,0.138156
Y,34000001,35000000,0.165602
Y,35000001,36000000,0.107918
Y,36000001,37000000,0.050000
Y,37000001,38000000,0.066159
Y,38000001,39000000,0.142354
Y,39000001,40000000,0.185246
Y,40000001,41000000,0.205763
Y,41000001,42000000,0.268087
Y,42000001,43000000,0.300713
Y,43000001,44000000,0.322604
Y,44000001,45000000,0.287334
Y,45000001,46000000,0.221987
Y,46000001,47000000,0.234613
Y,47000001,48000000,0.304966
Y,48000001,49000000,0.236182
Y,49000001,50000000,0.281176
Y,50000001,51000000,0.356098
Y,51000001,52000000,0.326622
Y,52000001,53000000,0.248738
Y,53000001,54000000,0.248588
Y,54000001,55000000,0.180506
Y,55000001,56000000,0.116662
Y,56000001,57000000,0.109442
Y,57000001,58000000,0.082938
Y,58000001,59000000,0.115515
Y,59000001,60000000,0.126322
Y,60000001,61000000,0.162940
Y,61000001,62000000,0.213152
Y,62000001,62460029,0.174895
